Sample_ID,Input_Window_Start_Date,Input_Window_End_Date,Prediction_Window_Start_Date,Input_TotalHujan_3Hari_Day1,Input_RataHujan_3Hari_Day1,Input_TotalHujan_3Hari_Day2,Input_RataHujan_3Hari_Day2,Input_TotalHujan_3Hari_Day3,Input_RataHujan_3Hari_Day3,Input_TotalHujan_3Hari_Day4,Input_RataHujan_3Hari_Day4,Input_TotalHujan_3Hari_Day5,Input_RataHujan_3Hari_Day5,Input_TotalHujan_3Hari_Day6,Input_RataHujan_3Hari_Day6,Input_TotalHujan_3Hari_Day7,Input_RataHujan_3Hari_Day7,Predicted_Date_Step1,Actual_Rumah_Terendam_Step1,Predicted_Rumah_Terendam_Step1,Predicted_Date_Step2,Actual_Rumah_Terendam_Step2,Predicted_Rumah_Terendam_Step2,Predicted_Date_Step3,Actual_Rumah_Terendam_Step3,Predicted_Rumah_Terendam_Step3
0,2024-07-30,2024-08-05,2024-08-06,0.0,0.0,0.0,0.0,0.0,0.0,0.0,0.0,0.0,0.0,0.0,0.0,0.0,0.0,2024-08-06,0.0,106.010704,2024-08-07,0.0,97.375565,2024-08-08,0.0,102.774254
1,2024-07-31,2024-08-06,2024-08-07,0.0,0.0,0.0,0.0,0.0,0.0,0.0,0.0,0.0,0.0,0.0,0.0,0.0,0.0,2024-08-07,0.0,106.010704,2024-08-08,0.0,97.375565,2024-08-09,0.0,102.774254
2,2024-08-01,2024-08-07,2024-08-08,0.0,0.0,0.0,0.0,0.0,0.0,0.0,0.0,0.0,0.0,0.0,0.0,0.0,0.0,2024-08-08,0.0,106.010704,2024-08-09,0.0,97.375565,2024-08-10,0.0,102.774254
3,2024-08-02,2024-08-08,2024-08-09,0.0,0.0,0.0,0.0,0.0,0.0,0.0,0.0,0.0,0.0,0.0,0.0,0.0,0.0,2024-08-09,0.0,106.010704,2024-08-10,0.0,97.375565,2024-08-11,0.0,102.774254
4,2024-08-03,2024-08-09,2024-08-10,0.0,0.0,0.0,0.0,0.0,0.0,0.0,0.0,0.0,0.0,0.0,0.0,0.0,0.0,2024-08-10,0.0,106.010704,2024-08-11,0.0,97.375565,2024-08-12,0.0,102.774254
5,2024-08-04,2024-08-10,2024-08-11,0.0,0.0,0.0,0.0,0.0,0.0,0.0,0.0,0.0,0.0,0.0,0.0,0.0,0.0,2024-08-11,0.0,106.010704,2024-08-12,0.0,97.375565,2024-08-13,0.0,102.774254
6,2024-08-05,2024-08-11,2024-08-12,0.0,0.0,0.0,0.0,0.0,0.0,0.0,0.0,0.0,0.0,0.0,0.0,0.0,0.0,2024-08-12,0.0,106.010704,2024-08-13,0.0,97.375565,2024-08-14,0.0,102.774254
7,2024-08-06,2024-08-12,2024-08-13,0.0,0.0,0.0,0.0,0.0,0.0,0.0,0.0,0.0,0.0,0.0,0.0,0.0,0.0,2024-08-13,0.0,106.010704,2024-08-14,0.0,97.375565,2024-08-15,0.0,102.774254
8,2024-08-07,2024-08-13,2024-08-14,0.0,0.0,0.0,0.0,0.0,0.0,0.0,0.0,0.0,0.0,0.0,0.0,0.0,0.0,2024-08-14,0.0,106.010704,2024-08-15,0.0,97.375565,2024-08-16,0.0,102.774254
9,2024-08-08,2024-08-14,2024-08-15,0.0,0.0,0.0,0.0,0.0,0.0,0.0,0.0,0.0,0.0,0.0,0.0,0.0,0.0,2024-08-15,0.0,106.010704,2024-08-16,0.0,97.375565,2024-08-17,0.0,102.774254
10,2024-08-09,2024-08-15,2024-08-16,0.0,0.0,0.0,0.0,0.0,0.0,0.0,0.0,0.0,0.0,0.0,0.0,0.0,0.0,2024-08-16,0.0,106.010704,2024-08-17,0.0,97.375565,2024-08-18,0.0,102.774254
11,2024-08-10,2024-08-16,2024-08-17,0.0,0.0,0.0,0.0,0.0,0.0,0.0,0.0,0.0,0.0,0.0,0.0,0.0,0.0,2024-08-17,0.0,106.010704,2024-08-18,0.0,97.375565,2024-08-19,0.0,102.774254
12,2024-08-11,2024-08-17,2024-08-18,0.0,0.0,0.0,0.0,0.0,0.0,0.0,0.0,0.0,0.0,0.0,0.0,0.0,0.0,2024-08-18,0.0,106.010704,2024-08-19,0.0,97.375565,2024-08-20,0.0,102.774254
13,2024-08-12,2024-08-18,2024-08-19,0.0,0.0,0.0,0.0,0.0,0.0,0.0,0.0,0.0,0.0,0.0,0.0,0.0,0.0,2024-08-19,0.0,106.010704,2024-08-20,0.0,97.375565,2024-08-21,0.0,102.774254
14,2024-08-13,2024-08-19,2024-08-20,0.0,0.0,0.0,0.0,0.0,0.0,0.0,0.0,0.0,0.0,0.0,0.0,0.0,0.0,2024-08-20,0.0,106.010704,2024-08-21,0.0,97.375565,2024-08-22,0.0,102.774254
15,2024-08-14,2024-08-20,2024-08-21,0.0,0.0,0.0,0.0,0.0,0.0,0.0,0.0,0.0,0.0,0.0,0.0,0.0,0.0,2024-08-21,0.0,106.010704,2024-08-22,0.0,97.375565,2024-08-23,0.0,102.774254
16,2024-08-15,2024-08-21,2024-08-22,0.0,0.0,0.0,0.0,0.0,0.0,0.0,0.0,0.0,0.0,0.0,0.0,0.0,0.0,2024-08-22,0.0,106.010704,2024-08-23,0.0,97.375565,2024-08-24,0.0,102.774254
17,2024-08-16,2024-08-22,2024-08-23,0.0,0.0,0.0,0.0,0.0,0.0,0.0,0.0,0.0,0.0,0.0,0.0,0.0,0.0,2024-08-23,0.0,106.010704,2024-08-24,0.0,97.375565,2024-08-25,0.0,102.774254
18,2024-08-17,2024-08-23,2024-08-24,0.0,0.0,0.0,0.0,0.0,0.0,0.0,0.0,0.0,0.0,0.0,0.0,0.0,0.0,2024-08-24,0.0,106.010704,2024-08-25,0.0,97.375565,2024-08-26,0.0,102.774254
19,2024-08-18,2024-08-24,2024-08-25,0.0,0.0,0.0,0.0,0.0,0.0,0.0,0.0,0.0,0.0,0.0,0.0,0.0,0.0,2024-08-25,0.0,106.010704,2024-08-26,0.0,97.375565,2024-08-27,0.0,102.774254
20,2024-08-19,2024-08-25,2024-08-26,0.0,0.0,0.0,0.0,0.0,0.0,0.0,0.0,0.0,0.0,0.0,0.0,0.0,0.0,2024-08-26,0.0,106.010704,2024-08-27,0.0,97.375565,2024-08-28,0.0,102.774254
21,2024-08-20,2024-08-26,2024-08-27,0.0,0.0,0.0,0.0,0.0,0.0,0.0,0.0,0.0,0.0,0.0,0.0,0.0,0.0,2024-08-27,0.0,106.010704,2024-08-28,0.0,97.375565,2024-08-29,0.0,102.774254
22,2024-08-21,2024-08-27,2024-08-28,0.0,0.0,0.0,0.0,0.0,0.0,0.0,0.0,0.0,0.0,0.0,0.0,0.0,0.0,2024-08-28,0.0,106.010704,2024-08-29,0.0,97.375565,2024-08-30,0.0,102.774254
23,2024-08-22,2024-08-28,2024-08-29,0.0,0.0,0.0,0.0,0.0,0.0,0.0,0.0,0.0,0.0,0.0,0.0,0.0,0.0,2024-08-29,0.0,106.010704,2024-08-30,0.0,97.375565,2024-08-31,0.0,102.774254
24,2024-08-23,2024-08-29,2024-08-30,0.0,0.0,0.0,0.0,0.0,0.0,0.0,0.0,0.0,0.0,0.0,0.0,0.0,0.0,2024-08-30,0.0,106.010704,2024-08-31,0.0,97.375565,2024-09-01,0.0,102.774254
25,2024-08-24,2024-08-30,2024-08-31,0.0,0.0,0.0,0.0,0.0,0.0,0.0,0.0,0.0,0.0,0.0,0.0,0.0,0.0,2024-08-31,0.0,106.010704,2024-09-01,0.0,97.375565,2024-09-02,0.0,102.774254
26,2024-08-25,2024-08-31,2024-09-01,0.0,0.0,0.0,0.0,0.0,0.0,0.0,0.0,0.0,0.0,0.0,0.0,0.0,0.0,2024-09-01,0.0,106.010704,2024-09-02,0.0,97.375565,2024-09-03,0.0,102.774254
27,2024-08-26,2024-09-01,2024-09-02,0.0,0.0,0.0,0.0,0.0,0.0,0.0,0.0,0.0,0.0,0.0,0.0,0.0,0.0,2024-09-02,0.0,106.010704,2024-09-03,0.0,97.375565,2024-09-04,0.0,102.774254
28,2024-08-27,2024-09-02,2024-09-03,0.0,0.0,0.0,0.0,0.0,0.0,0.0,0.0,0.0,0.0,0.0,0.0,0.0,0.0,2024-09-03,0.0,106.010704,2024-09-04,0.0,97.375565,2024-09-05,0.0,102.774254
29,2024-08-28,2024-09-03,2024-09-04,0.0,0.0,0.0,0.0,0.0,0.0,0.0,0.0,0.0,0.0,0.0,0.0,0.0,0.0,2024-09-04,0.0,106.010704,2024-09-05,0.0,97.375565,2024-09-06,0.0,102.774254
30,2024-08-29,2024-09-04,2024-09-05,0.0,0.0,0.0,0.0,0.0,0.0,0.0,0.0,0.0,0.0,0.0,0.0,0.0,0.0,2024-09-05,0.0,106.010704,2024-09-06,0.0,97.375565,2024-09-07,0.0,102.77426
31,2024-08-30,2024-09-05,2024-09-06,0.0,0.0,0.0,0.0,0.0,0.0,0.0,0.0,0.0,0.0,0.0,0.0,0.0,0.0,2024-09-06,0.0,106.010704,2024-09-07,0.0,97.375565,2024-09-08,0.0,102.77426
32,2024-08-31,2024-09-06,2024-09-07,0.0,0.0,0.0,0.0,0.0,0.0,0.0,0.0,0.0,0.0,0.0,0.0,0.0,0.0,2024-09-07,0.0,106.010704,2024-09-08,0.0,97.375565,2024-09-09,0.0,102.774254
33,2024-09-01,2024-09-07,2024-09-08,0.0,0.0,0.0,0.0,0.0,0.0,0.0,0.0,0.0,0.0,0.0,0.0,0.0,0.0,2024-09-08,0.0,106.010704,2024-09-09,0.0,97.375565,2024-09-10,0.0,102.774254
34,2024-09-02,2024-09-08,2024-09-09,0.0,0.0,0.0,0.0,0.0,0.0,0.0,0.0,0.0,0.0,0.0,0.0,0.0,0.0,2024-09-09,0.0,106.010704,2024-09-10,0.0,97.375565,2024-09-11,0.0,102.774254
35,2024-09-03,2024-09-09,2024-09-10,0.0,0.0,0.0,0.0,0.0,0.0,0.0,0.0,0.0,0.0,0.0,0.0,6.750000000000028,2.249999999999981,2024-09-10,0.0,124.03051,2024-09-11,0.0,122.256096,2024-09-12,0.0,129.68211
36,2024-09-04,2024-09-10,2024-09-11,0.0,0.0,0.0,0.0,0.0,0.0,0.0,0.0,0.0,0.0,6.750000000000028,2.249999999999981,0.0,2.249999999999981,2024-09-11,0.0,121.18716,2024-09-12,0.0,118.32126,2024-09-13,0.0,125.312195
37,2024-09-05,2024-09-11,2024-09-12,0.0,0.0,0.0,0.0,0.0,0.0,0.0,0.0,6.750000000000028,2.249999999999981,0.0,2.249999999999981,83.65000000000003,30.133333333333326,2024-09-12,0.0,64.9701,2024-09-13,0.0,46.59581,2024-09-14,0.0,52.02804
38,2024-09-06,2024-09-12,2024-09-13,0.0,0.0,0.0,0.0,0.0,0.0,6.750000000000028,2.249999999999981,0.0,2.249999999999981,83.65000000000003,30.133333333333326,0.0,27.883333333333315,2024-09-13,0.0,58.334618,2024-09-14,0.0,42.810486,2024-09-15,0.0,53.249916
39,2024-09-07,2024-09-13,2024-09-14,0.0,0.0,0.0,0.0,6.750000000000028,2.249999999999981,0.0,2.249999999999981,83.65000000000003,30.133333333333326,0.0,27.883333333333315,0.0,27.883333333333315,2024-09-14,0.0,54.248383,2024-09-15,0.0,41.27378,2024-09-16,0.0,54.693985
40,2024-09-08,2024-09-14,2024-09-15,0.0,0.0,6.750000000000028,2.249999999999981,0.0,2.249999999999981,83.65000000000003,30.133333333333326,0.0,27.883333333333315,0.0,27.883333333333315,0.0,0.0,2024-09-15,0.0,66.22141,2024-09-16,0.0,50.79342,2024-09-17,0.0,58.697598
41,2024-09-09,2024-09-15,2024-09-16,6.750000000000028,2.249999999999981,0.0,2.249999999999981,83.65000000000003,30.133333333333326,0.0,27.883333333333315,0.0,27.883333333333315,0.0,0.0,0.0,0.0,2024-09-16,0.0,82.1392,2024-09-17,0.0,64.30535,2024-09-18,0.0,66.333694
42,2024-09-10,2024-09-16,2024-09-17,0.0,2.249999999999981,83.65000000000003,30.133333333333326,0.0,27.883333333333315,0.0,27.883333333333315,0.0,0.0,0.0,0.0,0.0,0.0,2024-09-17,0.0,89.72978,2024-09-18,0.0,74.57524,2024-09-19,0.0,77.150375
43,2024-09-11,2024-09-17,2024-09-18,83.65000000000003,30.133333333333326,0.0,27.883333333333315,0.0,27.883333333333315,0.0,0.0,0.0,0.0,0.0,0.0,0.0,0.0,2024-09-18,0.0,98.421906,2024-09-19,0.0,86.17266,2024-09-20,0.0,89.426254
44,2024-09-12,2024-09-18,2024-09-19,0.0,27.883333333333315,0.0,27.883333333333315,0.0,0.0,0.0,0.0,0.0,0.0,0.0,0.0,0.0,0.0,2024-09-19,0.0,110.8192,2024-09-20,0.0,103.72662,2024-09-21,0.0,109.57745
45,2024-09-13,2024-09-19,2024-09-20,0.0,27.883333333333315,0.0,0.0,0.0,0.0,0.0,0.0,0.0,0.0,0.0,0.0,0.0,0.0,2024-09-20,0.0,112.17847,2024-09-21,0.0,105.84012,2024-09-22,0.0,112.22802
46,2024-09-14,2024-09-20,2024-09-21,0.0,0.0,0.0,0.0,0.0,0.0,0.0,0.0,0.0,0.0,0.0,0.0,0.0,0.0,2024-09-21,0.0,106.010704,2024-09-22,0.0,97.375565,2024-09-23,0.0,102.774254
47,2024-09-15,2024-09-21,2024-09-22,0.0,0.0,0.0,0.0,0.0,0.0,0.0,0.0,0.0,0.0,0.0,0.0,0.0,0.0,2024-09-22,0.0,106.010704,2024-09-23,0.0,97.375565,2024-09-24,0.0,102.774254
48,2024-09-16,2024-09-22,2024-09-23,0.0,0.0,0.0,0.0,0.0,0.0,0.0,0.0,0.0,0.0,0.0,0.0,0.0,0.0,2024-09-23,0.0,106.010704,2024-09-24,0.0,97.375565,2024-09-25,0.0,102.774254
49,2024-09-17,2024-09-23,2024-09-24,0.0,0.0,0.0,0.0,0.0,0.0,0.0,0.0,0.0,0.0,0.0,0.0,0.0,0.0,2024-09-24,0.0,106.010704,2024-09-25,0.0,97.375565,2024-09-26,0.0,102.774254
50,2024-09-18,2024-09-24,2024-09-25,0.0,0.0,0.0,0.0,0.0,0.0,0.0,0.0,0.0,0.0,0.0,0.0,0.0,0.0,2024-09-25,0.0,106.010704,2024-09-26,0.0,97.375565,2024-09-27,0.0,102.774254
51,2024-09-19,2024-09-25,2024-09-26,0.0,0.0,0.0,0.0,0.0,0.0,0.0,0.0,0.0,0.0,0.0,0.0,0.0,0.0,2024-09-26,0.0,106.010704,2024-09-27,0.0,97.375565,2024-09-28,0.0,102.774254
52,2024-09-20,2024-09-26,2024-09-27,0.0,0.0,0.0,0.0,0.0,0.0,0.0,0.0,0.0,0.0,0.0,0.0,0.0,0.0,2024-09-27,0.0,106.010704,2024-09-28,0.0,97.375565,2024-09-29,0.0,102.774254
53,2024-09-21,2024-09-27,2024-09-28,0.0,0.0,0.0,0.0,0.0,0.0,0.0,0.0,0.0,0.0,0.0,0.0,0.0,0.0,2024-09-28,0.0,106.010704,2024-09-29,0.0,97.375565,2024-09-30,0.0,102.774254
54,2024-09-22,2024-09-28,2024-09-29,0.0,0.0,0.0,0.0,0.0,0.0,0.0,0.0,0.0,0.0,0.0,0.0,0.0,0.0,2024-09-29,0.0,106.010704,2024-09-30,0.0,97.375565,2024-10-01,0.0,102.774254
55,2024-09-23,2024-09-29,2024-09-30,0.0,0.0,0.0,0.0,0.0,0.0,0.0,0.0,0.0,0.0,0.0,0.0,0.0,0.0,2024-09-30,0.0,106.010704,2024-10-01,0.0,97.375565,2024-10-02,0.0,102.774254
56,2024-09-24,2024-09-30,2024-10-01,0.0,0.0,0.0,0.0,0.0,0.0,0.0,0.0,0.0,0.0,0.0,0.0,0.0,0.0,2024-10-01,0.0,106.010704,2024-10-02,0.0,97.375565,2024-10-03,0.0,102.774254
57,2024-09-25,2024-10-01,2024-10-02,0.0,0.0,0.0,0.0,0.0,0.0,0.0,0.0,0.0,0.0,0.0,0.0,0.0,0.0,2024-10-02,0.0,106.010704,2024-10-03,0.0,97.375565,2024-10-04,0.0,102.774254
58,2024-09-26,2024-10-02,2024-10-03,0.0,0.0,0.0,0.0,0.0,0.0,0.0,0.0,0.0,0.0,0.0,0.0,0.0,0.0,2024-10-03,0.0,106.010704,2024-10-04,0.0,97.375565,2024-10-05,0.0,102.774254
59,2024-09-27,2024-10-03,2024-10-04,0.0,0.0,0.0,0.0,0.0,0.0,0.0,0.0,0.0,0.0,0.0,0.0,0.0,0.0,2024-10-04,0.0,106.010704,2024-10-05,0.0,97.375565,2024-10-06,0.0,102.774254
60,2024-09-28,2024-10-04,2024-10-05,0.0,0.0,0.0,0.0,0.0,0.0,0.0,0.0,0.0,0.0,0.0,0.0,0.0,0.0,2024-10-05,0.0,106.010704,2024-10-06,0.0,97.375565,2024-10-07,0.0,102.774254
61,2024-09-29,2024-10-05,2024-10-06,0.0,0.0,0.0,0.0,0.0,0.0,0.0,0.0,0.0,0.0,0.0,0.0,0.0,0.0,2024-10-06,0.0,106.010704,2024-10-07,0.0,97.375565,2024-10-08,0.0,102.774254
62,2024-09-30,2024-10-06,2024-10-07,0.0,0.0,0.0,0.0,0.0,0.0,0.0,0.0,0.0,0.0,0.0,0.0,0.0,0.0,2024-10-07,0.0,106.010704,2024-10-08,0.0,97.375565,2024-10-09,0.0,102.77426
63,2024-10-01,2024-10-07,2024-10-08,0.0,0.0,0.0,0.0,0.0,0.0,0.0,0.0,0.0,0.0,0.0,0.0,0.0,0.0,2024-10-08,0.0,106.010704,2024-10-09,0.0,97.375565,2024-10-10,0.0,102.77426
64,2024-10-02,2024-10-08,2024-10-09,0.0,0.0,0.0,0.0,0.0,0.0,0.0,0.0,0.0,0.0,0.0,0.0,0.0,0.0,2024-10-09,0.0,106.010704,2024-10-10,0.0,97.375565,2024-10-11,0.0,102.774254
65,2024-10-03,2024-10-09,2024-10-10,0.0,0.0,0.0,0.0,0.0,0.0,0.0,0.0,0.0,0.0,0.0,0.0,0.0,0.0,2024-10-10,0.0,106.010704,2024-10-11,0.0,97.375565,2024-10-12,0.0,102.774254
66,2024-10-04,2024-10-10,2024-10-11,0.0,0.0,0.0,0.0,0.0,0.0,0.0,0.0,0.0,0.0,0.0,0.0,0.0,0.0,2024-10-11,0.0,106.010704,2024-10-12,0.0,97.375565,2024-10-13,0.0,102.774254
67,2024-10-05,2024-10-11,2024-10-12,0.0,0.0,0.0,0.0,0.0,0.0,0.0,0.0,0.0,0.0,0.0,0.0,0.0,0.0,2024-10-12,0.0,106.010704,2024-10-13,0.0,97.375565,2024-10-14,0.0,102.774254
68,2024-10-06,2024-10-12,2024-10-13,0.0,0.0,0.0,0.0,0.0,0.0,0.0,0.0,0.0,0.0,0.0,0.0,0.0,0.0,2024-10-13,0.0,106.010704,2024-10-14,0.0,97.375565,2024-10-15,0.0,102.774254
69,2024-10-07,2024-10-13,2024-10-14,0.0,0.0,0.0,0.0,0.0,0.0,0.0,0.0,0.0,0.0,0.0,0.0,0.0,0.0,2024-10-14,0.0,106.010704,2024-10-15,0.0,97.375565,2024-10-16,0.0,102.774254
70,2024-10-08,2024-10-14,2024-10-15,0.0,0.0,0.0,0.0,0.0,0.0,0.0,0.0,0.0,0.0,0.0,0.0,0.0,0.0,2024-10-15,0.0,106.010704,2024-10-16,0.0,97.375565,2024-10-17,0.0,102.774254
71,2024-10-09,2024-10-15,2024-10-16,0.0,0.0,0.0,0.0,0.0,0.0,0.0,0.0,0.0,0.0,0.0,0.0,0.0,0.0,2024-10-16,0.0,106.010704,2024-10-17,0.0,97.375565,2024-10-18,0.0,102.774254
72,2024-10-10,2024-10-16,2024-10-17,0.0,0.0,0.0,0.0,0.0,0.0,0.0,0.0,0.0,0.0,0.0,0.0,0.0,0.0,2024-10-17,0.0,106.010704,2024-10-18,0.0,97.375565,2024-10-19,0.0,102.774254
73,2024-10-11,2024-10-17,2024-10-18,0.0,0.0,0.0,0.0,0.0,0.0,0.0,0.0,0.0,0.0,0.0,0.0,0.0,0.0,2024-10-18,0.0,106.010704,2024-10-19,0.0,97.375565,2024-10-20,0.0,102.774254
74,2024-10-12,2024-10-18,2024-10-19,0.0,0.0,0.0,0.0,0.0,0.0,0.0,0.0,0.0,0.0,0.0,0.0,0.0,0.0,2024-10-19,0.0,106.010704,2024-10-20,0.0,97.375565,2024-10-21,0.0,102.774254
75,2024-10-13,2024-10-19,2024-10-20,0.0,0.0,0.0,0.0,0.0,0.0,0.0,0.0,0.0,0.0,0.0,0.0,0.0,0.0,2024-10-20,0.0,106.010704,2024-10-21,0.0,97.375565,2024-10-22,0.0,102.774254
76,2024-10-14,2024-10-20,2024-10-21,0.0,0.0,0.0,0.0,0.0,0.0,0.0,0.0,0.0,0.0,0.0,0.0,0.0,0.0,2024-10-21,0.0,106.010704,2024-10-22,0.0,97.375565,2024-10-23,0.0,102.774254
77,2024-10-15,2024-10-21,2024-10-22,0.0,0.0,0.0,0.0,0.0,0.0,0.0,0.0,0.0,0.0,0.0,0.0,0.0,0.0,2024-10-22,0.0,106.010704,2024-10-23,0.0,97.375565,2024-10-24,0.0,102.774254
78,2024-10-16,2024-10-22,2024-10-23,0.0,0.0,0.0,0.0,0.0,0.0,0.0,0.0,0.0,0.0,0.0,0.0,0.0,0.0,2024-10-23,0.0,106.010704,2024-10-24,0.0,97.375565,2024-10-25,0.0,102.774254
79,2024-10-17,2024-10-23,2024-10-24,0.0,0.0,0.0,0.0,0.0,0.0,0.0,0.0,0.0,0.0,0.0,0.0,0.0,0.0,2024-10-24,0.0,106.010704,2024-10-25,0.0,97.375565,2024-10-26,0.0,102.774254
80,2024-10-18,2024-10-24,2024-10-25,0.0,0.0,0.0,0.0,0.0,0.0,0.0,0.0,0.0,0.0,0.0,0.0,0.0,0.0,2024-10-25,0.0,106.010704,2024-10-26,0.0,97.375565,2024-10-27,0.0,102.774254
81,2024-10-19,2024-10-25,2024-10-26,0.0,0.0,0.0,0.0,0.0,0.0,0.0,0.0,0.0,0.0,0.0,0.0,0.0,0.0,2024-10-26,0.0,106.010704,2024-10-27,0.0,97.375565,2024-10-28,0.0,102.774254
82,2024-10-20,2024-10-26,2024-10-27,0.0,0.0,0.0,0.0,0.0,0.0,0.0,0.0,0.0,0.0,0.0,0.0,0.0,0.0,2024-10-27,0.0,106.010704,2024-10-28,0.0,97.375565,2024-10-29,0.0,102.774254
83,2024-10-21,2024-10-27,2024-10-28,0.0,0.0,0.0,0.0,0.0,0.0,0.0,0.0,0.0,0.0,0.0,0.0,0.0,0.0,2024-10-28,0.0,106.010704,2024-10-29,0.0,97.375565,2024-10-30,0.0,102.774254
84,2024-10-22,2024-10-28,2024-10-29,0.0,0.0,0.0,0.0,0.0,0.0,0.0,0.0,0.0,0.0,0.0,0.0,0.0,0.0,2024-10-29,0.0,106.010704,2024-10-30,0.0,97.375565,2024-10-31,0.0,102.774254
85,2024-10-23,2024-10-29,2024-10-30,0.0,0.0,0.0,0.0,0.0,0.0,0.0,0.0,0.0,0.0,0.0,0.0,0.0,0.0,2024-10-30,0.0,106.010704,2024-10-31,0.0,97.375565,2024-11-01,0.0,102.774254
86,2024-10-24,2024-10-30,2024-10-31,0.0,0.0,0.0,0.0,0.0,0.0,0.0,0.0,0.0,0.0,0.0,0.0,0.0,0.0,2024-10-31,0.0,106.010704,2024-11-01,0.0,97.375565,2024-11-02,0.0,102.774254
87,2024-10-25,2024-10-31,2024-11-01,0.0,0.0,0.0,0.0,0.0,0.0,0.0,0.0,0.0,0.0,0.0,0.0,0.0,0.0,2024-11-01,0.0,106.010704,2024-11-02,0.0,97.375565,2024-11-03,0.0,102.774254
88,2024-10-26,2024-11-01,2024-11-02,0.0,0.0,0.0,0.0,0.0,0.0,0.0,0.0,0.0,0.0,0.0,0.0,0.0,0.0,2024-11-02,0.0,106.010704,2024-11-03,0.0,97.375565,2024-11-04,0.0,102.774254
89,2024-10-27,2024-11-02,2024-11-03,0.0,0.0,0.0,0.0,0.0,0.0,0.0,0.0,0.0,0.0,0.0,0.0,0.0,0.0,2024-11-03,0.0,106.010704,2024-11-04,0.0,97.375565,2024-11-05,0.0,102.774254
90,2024-10-28,2024-11-03,2024-11-04,0.0,0.0,0.0,0.0,0.0,0.0,0.0,0.0,0.0,0.0,0.0,0.0,0.0,0.0,2024-11-04,0.0,106.010704,2024-11-05,0.0,97.375565,2024-11-06,0.0,102.774254
91,2024-10-29,2024-11-04,2024-11-05,0.0,0.0,0.0,0.0,0.0,0.0,0.0,0.0,0.0,0.0,0.0,0.0,0.0,0.0,2024-11-05,0.0,106.010704,2024-11-06,0.0,97.375565,2024-11-07,0.0,102.774254
92,2024-10-30,2024-11-05,2024-11-06,0.0,0.0,0.0,0.0,0.0,0.0,0.0,0.0,0.0,0.0,0.0,0.0,18.900000000000027,6.29999999999998,2024-11-06,0.0,146.14082,2024-11-07,0.0,149.15555,2024-11-08,0.0,157.42076
93,2024-10-31,2024-11-06,2024-11-07,0.0,0.0,0.0,0.0,0.0,0.0,0.0,0.0,0.0,0.0,18.900000000000027,6.29999999999998,0.0,6.29999999999998,2024-11-07,0.0,133.94376,2024-11-08,0.0,135.88211,2024-11-09,0.0,143.56331
94,2024-11-01,2024-11-07,2024-11-08,0.0,0.0,0.0,0.0,0.0,0.0,0.0,0.0,18.900000000000027,6.29999999999998,0.0,6.29999999999998,0.0,6.29999999999998,2024-11-08,0.0,130.84816,2024-11-09,0.0,130.89427,2024-11-10,0.0,138.18604
95,2024-11-02,2024-11-08,2024-11-09,0.0,0.0,0.0,0.0,0.0,0.0,18.900000000000027,6.29999999999998,0.0,6.29999999999998,0.0,6.29999999999998,0.0,0.0,2024-11-09,0.0,132.37123,2024-11-10,0.0,133.42012,2024-11-11,0.0,140.93707
96,2024-11-03,2024-11-09,2024-11-10,0.0,0.0,0.0,0.0,18.900000000000027,6.29999999999998,0.0,6.29999999999998,0.0,6.29999999999998,0.0,0.0,0.0,0.0,2024-11-10,0.0,131.65878,2024-11-11,0.0,132.71182,2024-11-12,0.0,140.2397
97,2024-11-04,2024-11-10,2024-11-11,0.0,0.0,18.900000000000027,6.29999999999998,0.0,6.29999999999998,0.0,6.29999999999998,0.0,0.0,0.0,0.0,0.0,0.0,2024-11-11,0.0,130.2654,2024-11-12,0.0,130.86304,2024-11-13,0.0,138.4622
98,2024-11-05,2024-11-11,2024-11-12,18.900000000000027,6.29999999999998,0.0,6.29999999999998,0.0,6.29999999999998,0.0,0.0,0.0,0.0,0.0,0.0,42.75000000000003,14.24999999999998,2024-11-12,0.0,126.89802,2024-11-13,0.0,123.31677,2024-11-14,0.0,127.96562
99,2024-11-06,2024-11-12,2024-11-13,0.0,6.29999999999998,0.0,6.29999999999998,0.0,0.0,0.0,0.0,0.0,0.0,42.75000000000003,14.24999999999998,0.0,14.24999999999998,2024-11-13,0.0,107.71458,2024-11-14,0.0,96.83066,2024-11-15,147.0,100.07999
100,2024-11-07,2024-11-13,2024-11-14,0.0,6.29999999999998,0.0,0.0,0.0,0.0,0.0,0.0,42.75000000000003,14.24999999999998,0.0,14.24999999999998,0.0,14.24999999999998,2024-11-14,0.0,101.319374,2024-11-15,147.0,88.93084,2024-11-16,0.0,91.9609
101,2024-11-08,2024-11-14,2024-11-15,0.0,0.0,0.0,0.0,0.0,0.0,42.75000000000003,14.24999999999998,0.0,14.24999999999998,0.0,14.24999999999998,72.90000000000002,24.29999999999998,2024-11-15,147.0,68.75548,2024-11-16,0.0,53.01352,2024-11-17,0.0,60.988846
102,2024-11-09,2024-11-15,2024-11-16,0.0,0.0,0.0,0.0,42.75000000000003,14.24999999999998,0.0,14.24999999999998,0.0,14.24999999999998,72.90000000000002,24.29999999999998,29.50000000000002,34.13333333333332,2024-11-16,0.0,88.6164,2024-11-17,0.0,70.88897,2024-11-18,0.0,72.32269
103,2024-11-10,2024-11-16,2024-11-17,0.0,0.0,42.75000000000003,14.24999999999998,0.0,14.24999999999998,0.0,14.24999999999998,72.90000000000002,24.29999999999998,29.50000000000002,34.13333333333332,10.20000000000002,37.533333333333324,2024-11-17,0.0,77.5802,2024-11-18,0.0,61.62279,2024-11-19,12.0,67.624664
104,2024-11-11,2024-11-17,2024-11-18,42.75000000000003,14.24999999999998,0.0,14.24999999999998,0.0,14.24999999999998,72.90000000000002,24.29999999999998,29.50000000000002,34.13333333333332,10.20000000000002,37.533333333333324,16.40000000000002,18.699999999999992,2024-11-18,0.0,106.33904,2024-11-19,12.0,95.43187,2024-11-20,324.0,99.196655
105,2024-11-12,2024-11-18,2024-11-19,0.0,14.24999999999998,0.0,14.24999999999998,72.90000000000002,24.29999999999998,29.50000000000002,34.13333333333332,10.20000000000002,37.533333333333324,16.40000000000002,18.699999999999992,0.0,8.866666666666651,2024-11-19,12.0,107.66254,2024-11-20,324.0,97.2496,2024-11-21,0.0,101.04426
106,2024-11-13,2024-11-19,2024-11-20,0.0,14.24999999999998,72.90000000000002,24.29999999999998,29.50000000000002,34.13333333333332,10.20000000000002,37.533333333333324,16.40000000000002,18.699999999999992,0.0,8.866666666666651,73.20000000000002,29.86666666666665,2024-11-20,324.0,76.981384,2024-11-21,0.0,62.773163,2024-11-22,0.0,70.30907
107,2024-11-14,2024-11-20,2024-11-21,72.90000000000002,24.29999999999998,29.50000000000002,34.13333333333332,10.20000000000002,37.533333333333324,16.40000000000002,18.699999999999992,0.0,8.866666666666651,73.20000000000002,29.86666666666665,94.00000000000001,55.73333333333331,2024-11-21,0.0,59.33002,2024-11-22,0.0,56.461018,2024-11-23,0.0,78.122246
108,2024-11-15,2024-11-21,2024-11-22,29.50000000000002,34.13333333333332,10.20000000000002,37.533333333333324,16.40000000000002,18.699999999999992,0.0,8.866666666666651,73.20000000000002,29.86666666666665,94.00000000000001,55.73333333333331,104.90000000000003,90.69999999999999,2024-11-22,0.0,51.60456,2024-11-23,0.0,60.05161,2024-11-24,185.0,95.058655
109,2024-11-16,2024-11-22,2024-11-23,10.20000000000002,37.533333333333324,16.40000000000002,18.699999999999992,0.0,8.866666666666651,73.20000000000002,29.86666666666665,94.00000000000001,55.73333333333331,104.90000000000003,90.69999999999999,0.0,66.3,2024-11-23,0.0,85.67449,2024-11-24,185.0,117.73794,2024-11-25,0.0,166.10258
110,2024-11-17,2024-11-23,2024-11-24,16.40000000000002,18.699999999999992,0.0,8.866666666666651,73.20000000000002,29.86666666666665,94.00000000000001,55.73333333333331,104.90000000000003,90.69999999999999,0.0,66.3,0.0,34.96666666666665,2024-11-24,185.0,149.79861,2024-11-25,0.0,192.7953,2024-11-26,0.0,240.37498
111,2024-11-18,2024-11-24,2024-11-25,0.0,8.866666666666651,73.20000000000002,29.86666666666665,94.00000000000001,55.73333333333331,104.90000000000003,90.69999999999999,0.0,66.3,0.0,34.96666666666665,71.60000000000004,23.86666666666665,2024-11-25,0.0,109.74051,2024-11-26,0.0,154.77057,2024-11-27,0.0,214.5648
112,2024-11-19,2024-11-25,2024-11-26,73.20000000000002,29.86666666666665,94.00000000000001,55.73333333333331,104.90000000000003,90.69999999999999,0.0,66.3,0.0,34.96666666666665,71.60000000000004,23.86666666666665,0.0,23.86666666666665,2024-11-26,0.0,160.77231,2024-11-27,0.0,211.5817,2024-11-28,318.0,263.1847
113,2024-11-20,2024-11-26,2024-11-27,94.00000000000001,55.73333333333331,104.90000000000003,90.69999999999999,0.0,66.3,0.0,34.96666666666665,71.60000000000004,23.86666666666665,0.0,23.86666666666665,0.0,23.86666666666665,2024-11-27,0.0,139.13437,2024-11-28,318.0,172.15782,2024-11-29,0.0,212.72168
114,2024-11-21,2024-11-27,2024-11-28,104.90000000000003,90.69999999999999,0.0,66.3,0.0,34.96666666666665,71.60000000000004,23.86666666666665,0.0,23.86666666666665,0.0,23.86666666666665,21.60000000000003,7.1999999999999815,2024-11-28,318.0,91.72236,2024-11-29,0.0,96.3876,2024-11-30,0.0,119.968666
115,2024-11-22,2024-11-28,2024-11-29,0.0,66.3,0.0,34.96666666666665,71.60000000000004,23.86666666666665,0.0,23.86666666666665,0.0,23.86666666666665,21.60000000000003,7.1999999999999815,42.00000000000003,21.199999999999992,2024-11-29,0.0,66.76246,2024-11-30,0.0,58.01695,2024-12-01,0.0,73.22
116,2024-11-23,2024-11-29,2024-11-30,0.0,34.96666666666665,71.60000000000004,23.86666666666665,0.0,23.86666666666665,0.0,23.86666666666665,21.60000000000003,7.1999999999999815,42.00000000000003,21.199999999999992,0.0,21.199999999999992,2024-11-30,0.0,71.6122,2024-12-01,0.0,57.639244,2024-12-02,0.0,66.06756
117,2024-11-24,2024-11-30,2024-12-01,71.60000000000004,23.86666666666665,0.0,23.86666666666665,0.0,23.86666666666665,21.60000000000003,7.1999999999999815,42.00000000000003,21.199999999999992,0.0,21.199999999999992,0.0,13.99999999999998,2024-12-01,0.0,86.9229,2024-12-02,0.0,69.68506,2024-12-03,0.0,71.884254
118,2024-11-25,2024-12-01,2024-12-02,0.0,23.86666666666665,0.0,23.86666666666665,21.60000000000003,7.1999999999999815,42.00000000000003,21.199999999999992,0.0,21.199999999999992,0.0,13.99999999999998,18.500000000000032,6.166666666666649,2024-12-02,0.0,115.44323,2024-12-03,0.0,106.65836,2024-12-04,0.0,110.89964
119,2024-11-26,2024-12-02,2024-12-03,0.0,23.86666666666665,21.60000000000003,7.1999999999999815,42.00000000000003,21.199999999999992,0.0,21.199999999999992,0.0,13.99999999999998,18.500000000000032,6.166666666666649,0.0,6.166666666666649,2024-12-03,0.0,126.48032,2024-12-04,0.0,122.19264,2024-12-05,0.0,127.54637
120,2024-11-27,2024-12-03,2024-12-04,21.60000000000003,7.1999999999999815,42.00000000000003,21.199999999999992,0.0,21.199999999999992,0.0,13.99999999999998,18.500000000000032,6.166666666666649,0.0,6.166666666666649,0.0,6.166666666666649,2024-12-04,0.0,135.84247,2024-12-05,0.0,135.25201,2024-12-06,0.0,141.99278
121,2024-11-28,2024-12-04,2024-12-05,42.00000000000003,21.199999999999992,0.0,21.199999999999992,0.0,13.99999999999998,18.500000000000032,6.166666666666649,0.0,6.166666666666649,0.0,6.166666666666649,47.85000000000003,15.949999999999982,2024-12-05,0.0,119.07211,2024-12-06,0.0,111.23272,2024-12-07,0.0,115.01959
122,2024-11-29,2024-12-05,2024-12-06,0.0,21.199999999999992,0.0,13.99999999999998,18.500000000000032,6.166666666666649,0.0,6.166666666666649,0.0,6.166666666666649,47.85000000000003,15.949999999999982,41.95000000000003,29.933333333333326,2024-12-06,0.0,123.12752,2024-12-07,0.0,116.508865,2024-12-08,0.0,120.06256
123,2024-11-30,2024-12-06,2024-12-07,0.0,13.99999999999998,18.500000000000032,6.166666666666649,0.0,6.166666666666649,0.0,6.166666666666649,47.85000000000003,15.949999999999982,41.95000000000003,29.933333333333326,0.0,29.933333333333326,2024-12-07,0.0,98.075584,2024-12-08,0.0,84.4945,2024-12-09,0.0,87.60205
124,2024-12-01,2024-12-07,2024-12-08,18.500000000000032,6.166666666666649,0.0,6.166666666666649,0.0,6.166666666666649,47.85000000000003,15.949999999999982,41.95000000000003,29.933333333333326,0.0,29.933333333333326,0.0,13.983333333333315,2024-12-08,0.0,99.61169,2024-12-09,0.0,86.718666,2024-12-10,147.0,90.07117
125,2024-12-02,2024-12-08,2024-12-09,0.0,6.166666666666649,0.0,6.166666666666649,47.85000000000003,15.949999999999982,41.95000000000003,29.933333333333326,0.0,29.933333333333326,0.0,13.983333333333315,18.00000000000003,5.999999999999981,2024-12-09,0.0,117.365105,2024-12-10,147.0,109.73151,2024-12-11,0.0,114.38507
126,2024-12-03,2024-12-09,2024-12-10,0.0,6.166666666666649,47.85000000000003,15.949999999999982,41.95000000000003,29.933333333333326,0.0,29.933333333333326,0.0,13.983333333333315,18.00000000000003,5.999999999999981,0.0,5.999999999999981,2024-12-10,147.0,122.43093,2024-12-11,0.0,116.525894,2024-12-12,0.0,121.74804
127,2024-12-04,2024-12-10,2024-12-11,47.85000000000003,15.949999999999982,41.95000000000003,29.933333333333326,0.0,29.933333333333326,0.0,13.983333333333315,18.00000000000003,5.999999999999981,0.0,5.999999999999981,4.200000000000029,7.399999999999991,2024-12-11,0.0,139.00644,2024-12-12,0.0,139.80237,2024-12-13,5430.0,147.22868
128,2024-12-05,2024-12-11,2024-12-12,41.95000000000003,29.933333333333326,0.0,29.933333333333326,0.0,13.983333333333315,18.00000000000003,5.999999999999981,0.0,5.999999999999981,4.200000000000029,7.399999999999991,0.0,1.399999999999981,2024-12-12,0.0,141.72157,2024-12-13,5430.0,144.13043,2024-12-14,0.0,151.90562
129,2024-12-06,2024-12-12,2024-12-13,0.0,29.933333333333326,0.0,13.983333333333315,18.00000000000003,5.999999999999981,0.0,5.999999999999981,4.200000000000029,7.399999999999991,0.0,1.399999999999981,0.0,1.399999999999981,2024-12-13,5430.0,139.6451,2024-12-14,0.0,141.53955,2024-12-15,4731.0,149.13579
130,2024-12-07,2024-12-13,2024-12-14,0.0,13.983333333333315,18.00000000000003,5.999999999999981,0.0,5.999999999999981,4.200000000000029,7.399999999999991,0.0,1.399999999999981,0.0,1.399999999999981,2.0000000000000284,0.6666666666666478,2024-12-14,0.0,151.8158,2024-12-15,4731.0,155.57878,2024-12-16,110.0,163.38496
131,2024-12-08,2024-12-14,2024-12-15,18.00000000000003,5.999999999999981,0.0,5.999999999999981,4.200000000000029,7.399999999999991,0.0,1.399999999999981,0.0,1.399999999999981,2.0000000000000284,0.6666666666666478,1.7000000000000284,1.2333333333333238,2024-12-15,4731.0,149.58594,2024-12-16,110.0,153.20229,2024-12-17,0.0,161.18199
132,2024-12-09,2024-12-15,2024-12-16,0.0,5.999999999999981,4.200000000000029,7.399999999999991,0.0,1.399999999999981,0.0,1.399999999999981,2.0000000000000284,0.6666666666666478,1.7000000000000284,1.2333333333333238,5.500000000000028,3.0666666666666664,2024-12-16,110.0,155.67825,2024-12-17,0.0,159.05591,2024-12-18,0.0,166.78537
133,2024-12-10,2024-12-16,2024-12-17,4.200000000000029,7.399999999999991,0.0,1.399999999999981,0.0,1.399999999999981,2.0000000000000284,0.6666666666666478,1.7000000000000284,1.2333333333333238,5.500000000000028,3.0666666666666664,6.500000000000028,4.566666666666666,2024-12-17,0.0,177.69803,2024-12-18,0.0,180.93672,2024-12-19,0.0,186.59595
134,2024-12-11,2024-12-17,2024-12-18,0.0,1.399999999999981,0.0,1.399999999999981,2.0000000000000284,0.6666666666666478,1.7000000000000284,1.2333333333333238,5.500000000000028,3.0666666666666664,6.500000000000028,4.566666666666666,0.0,3.9999999999999907,2024-12-18,0.0,145.89342,2024-12-19,0.0,149.31332,2024-12-20,0.0,157.17516
135,2024-12-12,2024-12-18,2024-12-19,0.0,1.399999999999981,2.0000000000000284,0.6666666666666478,1.7000000000000284,1.2333333333333238,5.500000000000028,3.0666666666666664,6.500000000000028,4.566666666666666,0.0,3.9999999999999907,0.0,2.166666666666648,2024-12-19,0.0,140.71631,2024-12-20,0.0,144.08888,2024-12-21,0.0,152.16624
136,2024-12-13,2024-12-19,2024-12-20,2.0000000000000284,0.6666666666666478,1.7000000000000284,1.2333333333333238,5.500000000000028,3.0666666666666664,6.500000000000028,4.566666666666666,0.0,3.9999999999999907,0.0,2.166666666666648,0.0,0.0,2024-12-20,0.0,137.99625,2024-12-21,0.0,141.3291,2024-12-22,0.0,149.50612
137,2024-12-14,2024-12-20,2024-12-21,1.7000000000000284,1.2333333333333238,5.500000000000028,3.0666666666666664,6.500000000000028,4.566666666666666,0.0,3.9999999999999907,0.0,2.166666666666648,0.0,0.0,0.0,0.0,2024-12-21,0.0,134.57378,2024-12-22,0.0,136.81795,2024-12-23,0.0,144.85225
138,2024-12-15,2024-12-21,2024-12-22,5.500000000000028,3.0666666666666664,6.500000000000028,4.566666666666666,0.0,3.9999999999999907,0.0,2.166666666666648,0.0,0.0,0.0,0.0,0.0,0.0,2024-12-22,0.0,130.6433,2024-12-23,0.0,131.39987,2024-12-24,0.0,139.36992
139,2024-12-16,2024-12-22,2024-12-23,6.500000000000028,4.566666666666666,0.0,3.9999999999999907,0.0,2.166666666666648,0.0,0.0,0.0,0.0,0.0,0.0,0.0,0.0,2024-12-23,0.0,122.31146,2024-12-24,0.0,119.89257,2024-12-25,0.0,127.06357
140,2024-12-17,2024-12-23,2024-12-24,0.0,3.9999999999999907,0.0,2.166666666666648,0.0,0.0,0.0,0.0,0.0,0.0,0.0,0.0,0.0,0.0,2024-12-24,0.0,112.46022,2024-12-25,0.0,106.28812,2024-12-26,0.0,112.40716
141,2024-12-18,2024-12-24,2024-12-25,0.0,2.166666666666648,0.0,0.0,0.0,0.0,0.0,0.0,0.0,0.0,0.0,0.0,0.0,0.0,2024-12-25,0.0,108.2616,2024-12-26,0.0,100.47993,2024-12-27,0.0,106.131836
142,2024-12-19,2024-12-25,2024-12-26,0.0,0.0,0.0,0.0,0.0,0.0,0.0,0.0,0.0,0.0,0.0,0.0,0.0,0.0,2024-12-26,0.0,106.010704,2024-12-27,0.0,97.375565,2024-12-28,0.0,102.774254
143,2024-12-20,2024-12-26,2024-12-27,0.0,0.0,0.0,0.0,0.0,0.0,0.0,0.0,0.0,0.0,0.0,0.0,0.0,0.0,2024-12-27,0.0,106.010704,2024-12-28,0.0,97.375565,2024-12-29,0.0,102.774254
144,2024-12-21,2024-12-27,2024-12-28,0.0,0.0,0.0,0.0,0.0,0.0,0.0,0.0,0.0,0.0,0.0,0.0,0.0,0.0,2024-12-28,0.0,106.010704,2024-12-29,0.0,97.375565,2024-12-30,0.0,102.774254
145,2024-12-22,2024-12-28,2024-12-29,0.0,0.0,0.0,0.0,0.0,0.0,0.0,0.0,0.0,0.0,0.0,0.0,0.0,0.0,2024-12-29,0.0,106.010704,2024-12-30,0.0,97.375565,2024-12-31,0.0,102.774254
146,2024-12-23,2024-12-29,2024-12-30,0.0,0.0,0.0,0.0,0.0,0.0,0.0,0.0,0.0,0.0,0.0,0.0,0.0,0.0,2024-12-30,0.0,106.010704,2024-12-31,0.0,97.375565,2025-01-01,0.0,102.774254
147,2024-12-24,2024-12-30,2024-12-31,0.0,0.0,0.0,0.0,0.0,0.0,0.0,0.0,0.0,0.0,0.0,0.0,0.0,0.0,2024-12-31,0.0,106.010704,2025-01-01,0.0,97.375565,2025-01-02,0.0,102.774254
148,2024-12-25,2024-12-31,2025-01-01,0.0,0.0,0.0,0.0,0.0,0.0,0.0,0.0,0.0,0.0,0.0,0.0,0.0,0.0,2025-01-01,0.0,106.010704,2025-01-02,0.0,97.375565,2025-01-03,0.0,102.774254
149,2024-12-26,2025-01-01,2025-01-02,0.0,0.0,0.0,0.0,0.0,0.0,0.0,0.0,0.0,0.0,0.0,0.0,0.0,0.0,2025-01-02,0.0,106.010704,2025-01-03,0.0,97.375565,2025-01-04,0.0,102.774254
150,2024-12-27,2025-01-02,2025-01-03,0.0,0.0,0.0,0.0,0.0,0.0,0.0,0.0,0.0,0.0,0.0,0.0,0.0,0.0,2025-01-03,0.0,106.010704,2025-01-04,0.0,97.375565,2025-01-05,0.0,102.774254
151,2024-12-28,2025-01-03,2025-01-04,0.0,0.0,0.0,0.0,0.0,0.0,0.0,0.0,0.0,0.0,0.0,0.0,0.0,0.0,2025-01-04,0.0,106.010704,2025-01-05,0.0,97.375565,2025-01-06,0.0,102.774254
152,2024-12-29,2025-01-04,2025-01-05,0.0,0.0,0.0,0.0,0.0,0.0,0.0,0.0,0.0,0.0,0.0,0.0,0.0,0.0,2025-01-05,0.0,106.010704,2025-01-06,0.0,97.375565,2025-01-07,0.0,102.774254
153,2024-12-30,2025-01-05,2025-01-06,0.0,0.0,0.0,0.0,0.0,0.0,0.0,0.0,0.0,0.0,0.0,0.0,3.500000000000029,1.1666666666666479,2025-01-06,0.0,115.35145,2025-01-07,0.0,110.26972,2025-01-08,0.0,116.70214
154,2024-12-31,2025-01-06,2025-01-07,0.0,0.0,0.0,0.0,0.0,0.0,0.0,0.0,0.0,0.0,3.500000000000029,1.1666666666666479,0.0,1.1666666666666479,2025-01-07,0.0,113.87613,2025-01-08,0.0,108.2279,2025-01-09,0.0,114.48118
155,2025-01-01,2025-01-07,2025-01-08,0.0,0.0,0.0,0.0,0.0,0.0,0.0,0.0,3.500000000000029,1.1666666666666479,0.0,1.1666666666666479,30.100000000000023,11.19999999999999,2025-01-08,0.0,138.6841,2025-01-09,0.0,139.82057,2025-01-10,1603.0,146.844
156,2025-01-02,2025-01-08,2025-01-09,0.0,0.0,0.0,0.0,0.0,0.0,3.500000000000029,1.1666666666666479,0.0,1.1666666666666479,30.100000000000023,11.19999999999999,0.0,10.033333333333314,2025-01-09,0.0,127.39114,2025-01-10,1603.0,125.18948,2025-01-11,0.0,131.65686
157,2025-01-03,2025-01-09,2025-01-10,0.0,0.0,0.0,0.0,3.500000000000029,1.1666666666666479,0.0,1.1666666666666479,30.100000000000023,11.19999999999999,0.0,10.033333333333314,0.0,10.033333333333314,2025-01-10,1603.0,123.53385,2025-01-11,0.0,119.15055,2025-01-12,0.0,124.95932
158,2025-01-04,2025-01-10,2025-01-11,0.0,0.0,3.500000000000029,1.1666666666666479,0.0,1.1666666666666479,30.100000000000023,11.19999999999999,0.0,10.033333333333314,0.0,10.033333333333314,6.400000000000029,2.1333333333333147,2025-01-11,0.0,151.2387,2025-01-12,0.0,154.57478,2025-01-13,0.0,162.18736
159,2025-01-05,2025-01-11,2025-01-12,3.500000000000029,1.1666666666666479,0.0,1.1666666666666479,30.100000000000023,11.19999999999999,0.0,10.033333333333314,0.0,10.033333333333314,6.400000000000029,2.1333333333333147,0.0,2.1333333333333147,2025-01-12,0.0,151.75157,2025-01-13,0.0,155.21762,2025-01-14,0.0,162.87605
160,2025-01-06,2025-01-12,2025-01-13,0.0,1.1666666666666479,30.100000000000023,11.19999999999999,0.0,10.033333333333314,0.0,10.033333333333314,6.400000000000029,2.1333333333333147,0.0,2.1333333333333147,0.0,2.1333333333333147,2025-01-13,0.0,145.45525,2025-01-14,0.0,149.00365,2025-01-15,0.0,156.85788
161,2025-01-07,2025-01-13,2025-01-14,30.100000000000023,11.19999999999999,0.0,10.033333333333314,0.0,10.033333333333314,6.400000000000029,2.1333333333333147,0.0,2.1333333333333147,0.0,2.1333333333333147,0.0,0.0,2025-01-14,0.0,144.52791,2025-01-15,0.0,148.3716,2025-01-16,0.0,156.50179
162,2025-01-08,2025-01-14,2025-01-15,0.0,10.033333333333314,0.0,10.033333333333314,6.400000000000029,2.1333333333333147,0.0,2.1333333333333147,0.0,2.1333333333333147,0.0,0.0,0.0,0.0,2025-01-15,0.0,134.15117,2025-01-16,0.0,135.98927,2025-01-17,0.0,143.68501
163,2025-01-09,2025-01-15,2025-01-16,0.0,10.033333333333314,6.400000000000029,2.1333333333333147,0.0,2.1333333333333147,0.0,2.1333333333333147,0.0,0.0,0.0,0.0,0.0,0.0,2025-01-16,0.0,126.88018,2025-01-17,0.0,126.22677,2025-01-18,0.0,133.83624
164,2025-01-10,2025-01-16,2025-01-17,6.400000000000029,2.1333333333333147,0.0,2.1333333333333147,0.0,2.1333333333333147,0.0,0.0,0.0,0.0,0.0,0.0,5.500000000000028,1.8333333333333144,2025-01-17,0.0,132.42859,2025-01-18,0.0,133.86342,2025-01-19,0.0,142.16766
165,2025-01-11,2025-01-17,2025-01-18,0.0,2.1333333333333147,0.0,2.1333333333333147,0.0,0.0,0.0,0.0,0.0,0.0,5.500000000000028,1.8333333333333144,0.0,1.8333333333333144,2025-01-18,0.0,122.80564,2025-01-19,0.0,120.55914,2025-01-20,55.0,127.73923
166,2025-01-12,2025-01-18,2025-01-19,0.0,2.1333333333333147,0.0,0.0,0.0,0.0,0.0,0.0,5.500000000000028,1.8333333333333144,0.0,1.8333333333333144,5.100000000000028,3.533333333333324,2025-01-19,0.0,133.1844,2025-01-20,55.0,134.88853,2025-01-21,77.0,142.82715
167,2025-01-13,2025-01-19,2025-01-20,0.0,0.0,0.0,0.0,0.0,0.0,5.500000000000028,1.8333333333333144,0.0,1.8333333333333144,5.100000000000028,3.533333333333324,0.0,1.6999999999999809,2025-01-20,55.0,129.10359,2025-01-21,77.0,129.25153,2025-01-22,0.0,136.86153
168,2025-01-14,2025-01-20,2025-01-21,0.0,0.0,0.0,0.0,5.500000000000028,1.8333333333333144,0.0,1.8333333333333144,5.100000000000028,3.533333333333324,0.0,1.6999999999999809,13.600000000000026,6.233333333333323,2025-01-21,77.0,190.83955,2025-01-22,0.0,197.17143,2025-01-23,0.0,201.94551
169,2025-01-15,2025-01-21,2025-01-22,0.0,0.0,5.500000000000028,1.8333333333333144,0.0,1.8333333333333144,5.100000000000028,3.533333333333324,0.0,1.6999999999999809,13.600000000000026,6.233333333333323,30.600000000000023,14.733333333333322,2025-01-22,0.0,254.00275,2025-01-23,0.0,288.1557,2025-01-24,0.0,294.95743
170,2025-01-16,2025-01-22,2025-01-23,5.500000000000028,1.8333333333333144,0.0,1.8333333333333144,5.100000000000028,3.533333333333324,0.0,1.6999999999999809,13.600000000000026,6.233333333333323,30.600000000000023,14.733333333333322,0.0,14.733333333333322,2025-01-23,0.0,151.26884,2025-01-24,0.0,154.8367,2025-01-25,0.0,162.5092
171,2025-01-17,2025-01-23,2025-01-24,0.0,1.8333333333333144,5.100000000000028,3.533333333333324,0.0,1.6999999999999809,13.600000000000026,6.233333333333323,30.600000000000023,14.733333333333322,0.0,14.733333333333322,0.0,10.19999999999998,2025-01-24,0.0,133.68018,2025-01-25,0.0,132.34634,2025-01-26,0.0,138.83325
172,2025-01-18,2025-01-24,2025-01-25,5.100000000000028,3.533333333333324,0.0,1.6999999999999809,13.600000000000026,6.233333333333323,30.600000000000023,14.733333333333322,0.0,14.733333333333322,0.0,10.19999999999998,24.300000000000026,8.099999999999982,2025-01-25,0.0,179.94205,2025-01-26,0.0,183.55855,2025-01-27,0.0,189.71065
173,2025-01-19,2025-01-25,2025-01-26,0.0,1.6999999999999809,13.600000000000026,6.233333333333323,30.600000000000023,14.733333333333322,0.0,14.733333333333322,0.0,10.19999999999998,24.300000000000026,8.099999999999982,121.20000000000005,48.49999999999999,2025-01-26,0.0,64.92402,2025-01-27,0.0,59.22962,2025-01-28,0.0,77.399826
174,2025-01-20,2025-01-26,2025-01-27,13.600000000000026,6.233333333333323,30.600000000000023,14.733333333333322,0.0,14.733333333333322,0.0,10.19999999999998,24.300000000000026,8.099999999999982,121.20000000000005,48.49999999999999,119.50000000000003,88.33333333333333,2025-01-27,0.0,45.870056,2025-01-28,0.0,62.053463,2025-01-29,2855.0,106.72576
175,2025-01-21,2025-01-27,2025-01-28,30.600000000000023,14.733333333333322,0.0,14.733333333333322,0.0,10.19999999999998,24.300000000000026,8.099999999999982,121.20000000000005,48.49999999999999,119.50000000000003,88.33333333333333,0.0,80.23333333333332,2025-01-28,0.0,60.397343,2025-01-29,2855.0,99.48219,2025-01-30,0.0,162.27985
176,2025-01-22,2025-01-28,2025-01-29,0.0,14.733333333333322,0.0,10.19999999999998,24.300000000000026,8.099999999999982,121.20000000000005,48.49999999999999,119.50000000000003,88.33333333333333,0.0,80.23333333333332,8.30000000000003,42.59999999999999,2025-01-29,2855.0,92.30165,2025-01-30,0.0,133.75145,2025-01-31,0.0,192.48434
177,2025-01-23,2025-01-29,2025-01-30,0.0,10.19999999999998,24.300000000000026,8.099999999999982,121.20000000000005,48.49999999999999,119.50000000000003,88.33333333333333,0.0,80.23333333333332,8.30000000000003,42.59999999999999,6.200000000000029,4.833333333333324,2025-01-30,0.0,121.04376,2025-01-31,0.0,160.46823,2025-02-01,0.0,210.57278
178,2025-01-24,2025-01-30,2025-01-31,24.300000000000026,8.099999999999982,121.20000000000005,48.49999999999999,119.50000000000003,88.33333333333333,0.0,80.23333333333332,8.30000000000003,42.59999999999999,6.200000000000029,4.833333333333324,2.1000000000000285,5.533333333333334,2025-01-31,0.0,146.38054,2025-02-01,0.0,181.64264,2025-02-02,0.0,222.76035
179,2025-01-25,2025-01-31,2025-02-01,121.20000000000005,48.49999999999999,119.50000000000003,88.33333333333333,0.0,80.23333333333332,8.30000000000003,42.59999999999999,6.200000000000029,4.833333333333324,2.1000000000000285,5.533333333333334,4.200000000000029,4.166666666666667,2025-02-01,0.0,147.41014,2025-02-02,0.0,170.97852,2025-02-03,0.0,199.6859
180,2025-01-26,2025-02-01,2025-02-02,119.50000000000003,88.33333333333333,0.0,80.23333333333332,8.30000000000003,42.59999999999999,6.200000000000029,4.833333333333324,2.1000000000000285,5.533333333333334,4.200000000000029,4.166666666666667,3.7000000000000286,3.3333333333333335,2025-02-02,0.0,125.81175,2025-02-03,0.0,125.22918,2025-02-04,0.0,135.37509
181,2025-01-27,2025-02-02,2025-02-03,0.0,80.23333333333332,8.30000000000003,42.59999999999999,6.200000000000029,4.833333333333324,2.1000000000000285,5.533333333333334,4.200000000000029,4.166666666666667,3.7000000000000286,3.3333333333333335,5.200000000000029,4.366666666666667,2025-02-03,0.0,133.06926,2025-02-04,0.0,131.57516,2025-02-05,0.0,138.73625
182,2025-01-28,2025-02-03,2025-02-04,8.30000000000003,42.59999999999999,6.200000000000029,4.833333333333324,2.1000000000000285,5.533333333333334,4.200000000000029,4.166666666666667,3.7000000000000286,3.3333333333333335,5.200000000000029,4.366666666666667,3.1000000000000285,4.0,2025-02-04,0.0,210.12196,2025-02-05,0.0,222.31528,2025-02-06,254.00000000000003,227.02554
183,2025-01-29,2025-02-04,2025-02-05,6.200000000000029,4.833333333333324,2.1000000000000285,5.533333333333334,4.200000000000029,4.166666666666667,3.7000000000000286,3.3333333333333335,5.200000000000029,4.366666666666667,3.1000000000000285,4.0,0.0,2.7666666666666573,2025-02-05,0.0,191.06451,2025-02-06,254.00000000000003,197.37268,2025-02-07,0.0,202.04013
184,2025-01-30,2025-02-05,2025-02-06,2.1000000000000285,5.533333333333334,4.200000000000029,4.166666666666667,3.7000000000000286,3.3333333333333335,5.200000000000029,4.366666666666667,3.1000000000000285,4.0,0.0,2.7666666666666573,0.0,1.0333333333333141,2025-02-06,254.00000000000003,160.98645,2025-02-07,0.0,164.24765,2025-02-08,0.0,171.2877
185,2025-01-31,2025-02-06,2025-02-07,4.200000000000029,4.166666666666667,3.7000000000000286,3.3333333333333335,5.200000000000029,4.366666666666667,3.1000000000000285,4.0,0.0,2.7666666666666573,0.0,1.0333333333333141,4.000000000000028,1.3333333333333142,2025-02-07,0.0,167.83168,2025-02-08,0.0,171.2556,2025-02-09,0.0,177.7484
186,2025-02-01,2025-02-07,2025-02-08,3.7000000000000286,3.3333333333333335,5.200000000000029,4.366666666666667,3.1000000000000285,4.0,0.0,2.7666666666666573,0.0,1.0333333333333141,4.000000000000028,1.3333333333333142,0.0,1.3333333333333142,2025-02-08,0.0,145.0305,2025-02-09,0.0,148.53189,2025-02-10,0.0,156.53891
187,2025-02-02,2025-02-08,2025-02-09,5.200000000000029,4.366666666666667,3.1000000000000285,4.0,0.0,2.7666666666666573,0.0,1.0333333333333141,4.000000000000028,1.3333333333333142,0.0,1.3333333333333142,0.0,1.3333333333333142,2025-02-09,0.0,133.75816,2025-02-10,0.0,135.68837,2025-02-11,0.0,143.54588
188,2025-02-03,2025-02-09,2025-02-10,3.1000000000000285,4.0,0.0,2.7666666666666573,0.0,1.0333333333333141,4.000000000000028,1.3333333333333142,0.0,1.3333333333333142,0.0,1.3333333333333142,0.0,0.0,2025-02-10,0.0,125.00235,2025-02-11,0.0,123.60001,2025-02-12,0.0,131.04694
189,2025-02-04,2025-02-10,2025-02-11,0.0,2.7666666666666573,0.0,1.0333333333333141,4.000000000000028,1.3333333333333142,0.0,1.3333333333333142,0.0,1.3333333333333142,0.0,0.0,0.0,0.0,2025-02-11,0.0,118.219154,2025-02-12,0.0,114.23427,2025-02-13,0.0,120.97342
190,2025-02-05,2025-02-11,2025-02-12,0.0,1.0333333333333141,4.000000000000028,1.3333333333333142,0.0,1.3333333333333142,0.0,1.3333333333333142,0.0,0.0,0.0,0.0,0.0,0.0,2025-02-12,0.0,114.91789,2025-02-13,0.0,109.67285,2025-02-14,0.0,116.05287
191,2025-02-06,2025-02-12,2025-02-13,4.000000000000028,1.3333333333333142,0.0,1.3333333333333142,0.0,1.3333333333333142,0.0,0.0,0.0,0.0,0.0,0.0,0.0,0.0,2025-02-13,0.0,113.35556,2025-02-14,0.0,107.51877,2025-02-15,0.0,113.73719
192,2025-02-07,2025-02-13,2025-02-14,0.0,1.3333333333333142,0.0,1.3333333333333142,0.0,0.0,0.0,0.0,0.0,0.0,0.0,0.0,0.0,0.0,2025-02-14,0.0,108.78019,2025-02-15,0.0,101.19467,2025-02-16,0.0,106.90052
193,2025-02-08,2025-02-14,2025-02-15,0.0,1.3333333333333142,0.0,0.0,0.0,0.0,0.0,0.0,0.0,0.0,0.0,0.0,0.0,0.0,2025-02-15,0.0,107.39401,2025-02-16,0.0,99.280716,2025-02-17,0.0,104.835945
194,2025-02-09,2025-02-15,2025-02-16,0.0,0.0,0.0,0.0,0.0,0.0,0.0,0.0,0.0,0.0,0.0,0.0,0.0,0.0,2025-02-16,0.0,106.010704,2025-02-17,0.0,97.375565,2025-02-18,0.0,102.774254
195,2025-02-10,2025-02-16,2025-02-17,0.0,0.0,0.0,0.0,0.0,0.0,0.0,0.0,0.0,0.0,0.0,0.0,17.150000000000027,5.716666666666647,2025-02-17,0.0,147.60022,2025-02-18,0.0,150.7251,2025-02-19,0.0,159.05228
196,2025-02-11,2025-02-17,2025-02-18,0.0,0.0,0.0,0.0,0.0,0.0,0.0,0.0,0.0,0.0,17.150000000000027,5.716666666666647,0.0,5.716666666666647,2025-02-18,0.0,134.51479,2025-02-19,0.0,136.72083,2025-02-20,0.0,144.5428
197,2025-02-12,2025-02-18,2025-02-19,0.0,0.0,0.0,0.0,0.0,0.0,0.0,0.0,17.150000000000027,5.716666666666647,0.0,5.716666666666647,36.25000000000003,17.79999999999999,2025-02-19,0.0,169.66241,2025-02-20,0.0,170.3924,2025-02-21,0.0,174.86124
198,2025-02-13,2025-02-19,2025-02-20,0.0,0.0,0.0,0.0,0.0,0.0,17.150000000000027,5.716666666666647,0.0,5.716666666666647,36.25000000000003,17.79999999999999,0.0,12.083333333333314,2025-02-20,0.0,133.58989,2025-02-21,0.0,132.89203,2025-02-22,0.0,139.33667
199,2025-02-14,2025-02-20,2025-02-21,0.0,0.0,0.0,0.0,17.150000000000027,5.716666666666647,0.0,5.716666666666647,36.25000000000003,17.79999999999999,0.0,12.083333333333314,0.0,12.083333333333314,2025-02-21,0.0,122.341805,2025-02-22,0.0,117.02094,2025-02-23,0.0,122.23046
200,2025-02-15,2025-02-21,2025-02-22,0.0,0.0,17.150000000000027,5.716666666666647,0.0,5.716666666666647,36.25000000000003,17.79999999999999,0.0,12.083333333333314,0.0,12.083333333333314,9.000000000000025,2.99999999999998,2025-02-22,0.0,158.43854,2025-02-23,0.0,161.61,2025-02-24,0.0,168.95772
201,2025-02-16,2025-02-22,2025-02-23,17.150000000000027,5.716666666666647,0.0,5.716666666666647,36.25000000000003,17.79999999999999,0.0,12.083333333333314,0.0,12.083333333333314,9.000000000000025,2.99999999999998,0.0,2.99999999999998,2025-02-23,0.0,157.823,2025-02-24,0.0,161.32181,2025-02-25,0.0,168.81064
202,2025-02-17,2025-02-23,2025-02-24,0.0,5.716666666666647,36.25000000000003,17.79999999999999,0.0,12.083333333333314,0.0,12.083333333333314,9.000000000000025,2.99999999999998,0.0,2.99999999999998,0.0,2.99999999999998,2025-02-24,0.0,145.25067,2025-02-25,0.0,148.5961,2025-02-26,0.0,156.51483
203,2025-02-18,2025-02-24,2025-02-25,36.25000000000003,17.79999999999999,0.0,12.083333333333314,0.0,12.083333333333314,9.000000000000025,2.99999999999998,0.0,2.99999999999998,0.0,2.99999999999998,17.400000000000027,5.79999999999998,2025-02-25,0.0,210.54803,2025-02-26,0.0,222.6463,2025-02-27,0.0,226.39444
204,2025-02-19,2025-02-25,2025-02-26,0.0,12.083333333333314,0.0,12.083333333333314,9.000000000000025,2.99999999999998,0.0,2.99999999999998,0.0,2.99999999999998,17.400000000000027,5.79999999999998,30.000000000000025,15.79999999999999,2025-02-26,0.0,250.12111,2025-02-27,0.0,281.28052,2025-02-28,0.0,287.5839
205,2025-02-20,2025-02-26,2025-02-27,0.0,12.083333333333314,9.000000000000025,2.99999999999998,0.0,2.99999999999998,0.0,2.99999999999998,17.400000000000027,5.79999999999998,30.000000000000025,15.79999999999999,0.0,15.79999999999999,2025-02-27,0.0,145.60883,2025-02-28,0.0,148.92522,2025-03-01,0.0,156.61111
206,2025-02-21,2025-02-27,2025-02-28,9.000000000000025,2.99999999999998,0.0,2.99999999999998,0.0,2.99999999999998,17.400000000000027,5.79999999999998,30.000000000000025,15.79999999999999,0.0,15.79999999999999,51.800000000000026,27.26666666666665,2025-02-28,0.0,122.753204,2025-03-01,0.0,116.886765,2025-03-02,0.0,120.4948
207,2025-02-22,2025-02-28,2025-03-01,0.0,2.99999999999998,0.0,2.99999999999998,17.400000000000027,5.79999999999998,30.000000000000025,15.79999999999999,0.0,15.79999999999999,51.800000000000026,27.26666666666665,31.50000000000002,27.76666666666665,2025-03-01,0.0,156.4878,2025-03-02,0.0,153.50179,2025-03-03,0.0,156.26791
208,2025-02-23,2025-03-01,2025-03-02,0.0,2.99999999999998,17.400000000000027,5.79999999999998,30.000000000000025,15.79999999999999,0.0,15.79999999999999,51.800000000000026,27.26666666666665,31.50000000000002,27.76666666666665,0.0,27.76666666666665,2025-03-02,0.0,106.71452,2025-03-03,0.0,95.91306,2025-03-04,5292.0,99.5645
209,2025-02-24,2025-03-02,2025-03-03,17.400000000000027,5.79999999999998,30.000000000000025,15.79999999999999,0.0,15.79999999999999,51.800000000000026,27.26666666666665,31.50000000000002,27.76666666666665,0.0,27.76666666666665,59.80000000000002,30.43333333333332,2025-03-03,0.0,88.418,2025-03-04,5292.0,71.17069,2025-03-05,0.0,73.43337
210,2025-02-25,2025-03-03,2025-03-04,30.000000000000025,15.79999999999999,0.0,15.79999999999999,51.800000000000026,27.26666666666665,31.50000000000002,27.76666666666665,0.0,27.76666666666665,59.80000000000002,30.43333333333332,51.00000000000002,36.933333333333316,2025-03-04,5292.0,86.05949,2025-03-05,0.0,67.71874,2025-03-06,0.0,70.33332
211,2025-02-26,2025-03-04,2025-03-05,0.0,15.79999999999999,51.800000000000026,27.26666666666665,31.50000000000002,27.76666666666665,0.0,27.76666666666665,59.80000000000002,30.43333333333332,51.00000000000002,36.933333333333316,41.60000000000002,50.79999999999999,2025-03-05,0.0,93.94006,2025-03-06,0.0,79.98121,2025-03-07,0.0,83.67585
212,2025-02-27,2025-03-05,2025-03-06,51.800000000000026,27.26666666666665,31.50000000000002,27.76666666666665,0.0,27.76666666666665,59.80000000000002,30.43333333333332,51.00000000000002,36.933333333333316,41.60000000000002,50.79999999999999,0.0,30.866666666666656,2025-03-06,0.0,97.46371,2025-03-07,0.0,88.7558,2025-03-08,0.0,98.05137
213,2025-02-28,2025-03-06,2025-03-07,31.50000000000002,27.76666666666665,0.0,27.76666666666665,59.80000000000002,30.43333333333332,51.00000000000002,36.933333333333316,41.60000000000002,50.79999999999999,0.0,30.866666666666656,0.0,13.866666666666644,2025-03-07,0.0,100.97953,2025-03-08,0.0,90.63883,2025-03-09,39.0,96.58786
214,2025-03-01,2025-03-07,2025-03-08,0.0,27.76666666666665,59.80000000000002,30.43333333333332,51.00000000000002,36.933333333333316,41.60000000000002,50.79999999999999,0.0,30.866666666666656,0.0,13.866666666666644,44.800000000000026,14.93333333333331,2025-03-08,0.0,94.04437,2025-03-09,39.0,80.19073,2025-03-10,0.0,85.53056
215,2025-03-02,2025-03-08,2025-03-09,59.80000000000002,30.43333333333332,51.00000000000002,36.933333333333316,41.60000000000002,50.79999999999999,0.0,30.866666666666656,0.0,13.866666666666644,44.800000000000026,14.93333333333331,40.700000000000024,28.499999999999986,2025-03-09,39.0,124.65928,2025-03-10,0.0,119.875435,2025-03-11,0.0,126.25794
216,2025-03-03,2025-03-09,2025-03-10,51.00000000000002,36.933333333333316,41.60000000000002,50.79999999999999,0.0,30.866666666666656,0.0,13.866666666666644,44.800000000000026,14.93333333333331,40.700000000000024,28.499999999999986,69.20000000000002,51.56666666666666,2025-03-10,0.0,84.651825,2025-03-11,0.0,72.73759,2025-03-12,0.0,80.61417
217,2025-03-04,2025-03-10,2025-03-11,41.60000000000002,50.79999999999999,0.0,30.866666666666656,0.0,13.866666666666644,44.800000000000026,14.93333333333331,40.700000000000024,28.499999999999986,69.20000000000002,51.56666666666666,0.0,36.63333333333332,2025-03-11,0.0,79.287384,2025-03-12,0.0,73.55546,2025-03-13,0.0,89.28129
218,2025-03-05,2025-03-11,2025-03-12,0.0,30.866666666666656,0.0,13.866666666666644,44.800000000000026,14.93333333333331,40.700000000000024,28.499999999999986,69.20000000000002,51.56666666666666,0.0,36.63333333333332,0.0,23.066666666666645,2025-03-12,0.0,70.81397,2025-03-13,0.0,61.839516,2025-03-14,0.0,75.34849
219,2025-03-06,2025-03-12,2025-03-13,0.0,13.866666666666644,44.800000000000026,14.93333333333331,40.700000000000024,28.499999999999986,69.20000000000002,51.56666666666666,0.0,36.63333333333332,0.0,23.066666666666645,0.0,0.0,2025-03-13,0.0,97.65619,2025-03-14,0.0,85.02846,2025-03-15,0.0,89.65297
220,2025-03-07,2025-03-13,2025-03-14,44.800000000000026,14.93333333333331,40.700000000000024,28.499999999999986,69.20000000000002,51.56666666666666,0.0,36.63333333333332,0.0,23.066666666666645,0.0,0.0,6.200000000000024,2.0666666666666464,2025-03-14,0.0,124.8473,2025-03-15,0.0,121.20712,2025-03-16,0.0,128.14478
221,2025-03-08,2025-03-14,2025-03-15,40.700000000000024,28.499999999999986,69.20000000000002,51.56666666666666,0.0,36.63333333333332,0.0,23.066666666666645,0.0,0.0,6.200000000000024,2.0666666666666464,4.700000000000024,3.633333333333321,2025-03-15,0.0,136.93213,2025-03-16,0.0,138.26047,2025-03-17,0.0,146.89537
222,2025-03-09,2025-03-15,2025-03-16,69.20000000000002,51.56666666666666,0.0,36.63333333333332,0.0,23.066666666666645,0.0,0.0,6.200000000000024,2.0666666666666464,4.700000000000024,3.633333333333321,32.60000000000002,14.499999999999995,2025-03-16,0.0,147.17119,2025-03-17,0.0,150.44336,2025-03-18,0.0,158.35205
223,2025-03-10,2025-03-16,2025-03-17,0.0,36.63333333333332,0.0,23.066666666666645,0.0,0.0,6.200000000000024,2.0666666666666464,4.700000000000024,3.633333333333321,32.60000000000002,14.499999999999995,0.0,12.433333333333321,2025-03-17,0.0,127.572,2025-03-18,0.0,123.86109,2025-03-19,0.0,129.84576
224,2025-03-11,2025-03-17,2025-03-18,0.0,23.066666666666645,0.0,0.0,6.200000000000024,2.0666666666666464,4.700000000000024,3.633333333333321,32.60000000000002,14.499999999999995,0.0,12.433333333333321,0.0,10.866666666666646,2025-03-18,0.0,126.70921,2025-03-19,0.0,122.78492,2025-03-20,0.0,128.54488
225,2025-03-12,2025-03-18,2025-03-19,0.0,0.0,6.200000000000024,2.0666666666666464,4.700000000000024,3.633333333333321,32.60000000000002,14.499999999999995,0.0,12.433333333333321,0.0,10.866666666666646,0.0,0.0,2025-03-19,0.0,134.68971,2025-03-20,0.0,134.52086,2025-03-21,0.0,141.23778
226,2025-03-13,2025-03-19,2025-03-20,6.200000000000024,2.0666666666666464,4.700000000000024,3.633333333333321,32.60000000000002,14.499999999999995,0.0,12.433333333333321,0.0,10.866666666666646,0.0,0.0,0.0,0.0,2025-03-20,0.0,137.71077,2025-03-21,0.0,139.47539,2025-03-22,0.0,146.91006
227,2025-03-14,2025-03-20,2025-03-21,4.700000000000024,3.633333333333321,32.60000000000002,14.499999999999995,0.0,12.433333333333321,0.0,10.866666666666646,0.0,0.0,0.0,0.0,0.0,0.0,2025-03-21,0.0,133.20972,2025-03-22,0.0,134.12126,2025-03-23,0.0,141.5352
228,2025-03-15,2025-03-21,2025-03-22,32.60000000000002,14.499999999999995,0.0,12.433333333333321,0.0,10.866666666666646,0.0,0.0,0.0,0.0,0.0,0.0,0.0,0.0,2025-03-22,0.0,127.97832,2025-03-23,0.0,127.53036,2025-03-24,0.0,134.70795
229,2025-03-16,2025-03-22,2025-03-23,0.0,12.433333333333321,0.0,10.866666666666646,0.0,0.0,0.0,0.0,0.0,0.0,0.0,0.0,0.0,0.0,2025-03-23,0.0,120.174675,2025-03-24,0.0,116.78164,2025-03-25,0.0,123.85605
230,2025-03-17,2025-03-23,2025-03-24,0.0,10.866666666666646,0.0,0.0,0.0,0.0,0.0,0.0,0.0,0.0,0.0,0.0,0.0,0.0,2025-03-24,0.0,114.26251,2025-03-25,0.0,108.80082,2025-03-26,0.0,115.12392
231,2025-03-18,2025-03-24,2025-03-25,0.0,0.0,0.0,0.0,0.0,0.0,0.0,0.0,0.0,0.0,0.0,0.0,0.0,0.0,2025-03-25,0.0,106.010704,2025-03-26,0.0,97.375565,2025-03-27,0.0,102.774254
232,2025-03-19,2025-03-25,2025-03-26,0.0,0.0,0.0,0.0,0.0,0.0,0.0,0.0,0.0,0.0,0.0,0.0,0.0,0.0,2025-03-26,0.0,106.010704,2025-03-27,0.0,97.375565,2025-03-28,0.0,102.774254
233,2025-03-20,2025-03-26,2025-03-27,0.0,0.0,0.0,0.0,0.0,0.0,0.0,0.0,0.0,0.0,0.0,0.0,0.0,0.0,2025-03-27,0.0,106.010704,2025-03-28,0.0,97.375565,2025-03-29,0.0,102.774254
234,2025-03-21,2025-03-27,2025-03-28,0.0,0.0,0.0,0.0,0.0,0.0,0.0,0.0,0.0,0.0,0.0,0.0,0.0,0.0,2025-03-28,0.0,106.010704,2025-03-29,0.0,97.375565,2025-03-30,0.0,102.774254
235,2025-03-22,2025-03-28,2025-03-29,0.0,0.0,0.0,0.0,0.0,0.0,0.0,0.0,0.0,0.0,0.0,0.0,0.0,0.0,2025-03-29,0.0,106.010704,2025-03-30,0.0,97.375565,2025-03-31,0.0,102.774254
236,2025-03-23,2025-03-29,2025-03-30,0.0,0.0,0.0,0.0,0.0,0.0,0.0,0.0,0.0,0.0,0.0,0.0,0.0,0.0,2025-03-30,0.0,106.010704,2025-03-31,0.0,97.375565,2025-04-01,0.0,102.774254
237,2025-03-24,2025-03-30,2025-03-31,0.0,0.0,0.0,0.0,0.0,0.0,0.0,0.0,0.0,0.0,0.0,0.0,0.0,0.0,2025-03-31,0.0,106.010704,2025-04-01,0.0,97.375565,2025-04-02,1009.0000000000001,102.774254
238,2025-03-25,2025-03-31,2025-04-01,0.0,0.0,0.0,0.0,0.0,0.0,0.0,0.0,0.0,0.0,0.0,0.0,0.0,0.0,2025-04-01,0.0,106.010704,2025-04-02,1009.0000000000001,97.375565,2025-04-03,0.0,102.774254
239,2025-03-26,2025-04-01,2025-04-02,0.0,0.0,0.0,0.0,0.0,0.0,0.0,0.0,0.0,0.0,0.0,0.0,0.0,0.0,2025-04-02,1009.0000000000001,106.010704,2025-04-03,0.0,97.375565,2025-04-04,0.0,102.774254
240,2025-03-27,2025-04-02,2025-04-03,0.0,0.0,0.0,0.0,0.0,0.0,0.0,0.0,0.0,0.0,0.0,0.0,2.5000000000000213,0.833333333333312,2025-04-03,0.0,112.68202,2025-04-04,0.0,106.58306,2025-04-05,0.0,112.72084
241,2025-03-28,2025-04-03,2025-04-04,0.0,0.0,0.0,0.0,0.0,0.0,0.0,0.0,0.0,0.0,2.5000000000000213,0.833333333333312,0.0,0.833333333333312,2025-04-04,0.0,111.62805,2025-04-05,0.0,105.12433,2025-04-06,0.0,111.13412
242,2025-03-29,2025-04-04,2025-04-05,0.0,0.0,0.0,0.0,0.0,0.0,0.0,0.0,2.5000000000000213,0.833333333333312,0.0,0.833333333333312,0.0,0.833333333333312,2025-04-05,0.0,111.16633,2025-04-06,0.0,104.4841,2025-04-07,0.0,110.43425
243,2025-03-30,2025-04-05,2025-04-06,0.0,0.0,0.0,0.0,0.0,0.0,2.5000000000000213,0.833333333333312,0.0,0.833333333333312,0.0,0.833333333333312,0.0,0.0,2025-04-06,0.0,111.299385,2025-04-07,0.0,104.671005,2025-04-08,0.0,110.64424
244,2025-03-31,2025-04-06,2025-04-07,0.0,0.0,0.0,0.0,2.5000000000000213,0.833333333333312,0.0,0.833333333333312,0.0,0.833333333333312,0.0,0.0,0.0,0.0,2025-04-07,0.0,111.17471,2025-04-08,0.0,104.50082,2025-04-09,0.0,110.465485
245,2025-04-01,2025-04-07,2025-04-08,0.0,0.0,2.5000000000000213,0.833333333333312,0.0,0.833333333333312,0.0,0.833333333333312,0.0,0.0,0.0,0.0,22.90000000000002,7.6333333333333115,2025-04-08,0.0,148.55663,2025-04-09,0.0,151.36786,2025-04-10,0.0,159.1006
246,2025-04-02,2025-04-08,2025-04-09,2.5000000000000213,0.833333333333312,0.0,0.833333333333312,0.0,0.833333333333312,0.0,0.0,0.0,0.0,22.90000000000002,7.6333333333333115,23.90000000000002,15.599999999999985,2025-04-09,0.0,224.39685,2025-04-10,0.0,242.61143,2025-04-11,0.0,245.44707
247,2025-04-03,2025-04-09,2025-04-10,0.0,0.833333333333312,0.0,0.833333333333312,0.0,0.0,0.0,0.0,22.90000000000002,7.6333333333333115,23.90000000000002,15.599999999999985,0.0,15.599999999999985,2025-04-10,0.0,136.66725,2025-04-11,0.0,137.307,2025-04-12,0.0,144.17848
248,2025-04-04,2025-04-10,2025-04-11,0.0,0.833333333333312,0.0,0.0,0.0,0.0,22.90000000000002,7.6333333333333115,23.90000000000002,15.599999999999985,0.0,15.599999999999985,0.0,7.966666666666644,2025-04-11,0.0,132.50781,2025-04-12,0.0,131.06328,2025-04-13,0.0,137.64418
249,2025-04-05,2025-04-11,2025-04-12,0.0,0.0,0.0,0.0,22.90000000000002,7.6333333333333115,23.90000000000002,15.599999999999985,0.0,15.599999999999985,0.0,7.966666666666644,35.20000000000002,11.733333333333311,2025-04-12,0.0,148.51625,2025-04-13,0.0,149.75676,2025-04-14,0.0,156.30765
250,2025-04-06,2025-04-12,2025-04-13,0.0,0.0,22.90000000000002,7.6333333333333115,23.90000000000002,15.599999999999985,0.0,15.599999999999985,0.0,7.966666666666644,35.20000000000002,11.733333333333311,0.0,11.733333333333311,2025-04-13,0.0,130.8975,2025-04-14,0.0,128.09326,2025-04-15,0.0,134.00153
251,2025-04-07,2025-04-13,2025-04-14,22.90000000000002,7.6333333333333115,23.90000000000002,15.599999999999985,0.0,15.599999999999985,0.0,7.966666666666644,35.20000000000002,11.733333333333311,0.0,11.733333333333311,0.0,11.733333333333311,2025-04-14,0.0,123.06198,2025-04-15,0.0,116.93644,2025-04-16,0.0,121.9545
252,2025-04-08,2025-04-14,2025-04-15,23.90000000000002,15.599999999999985,0.0,15.599999999999985,0.0,7.966666666666644,35.20000000000002,11.733333333333311,0.0,11.733333333333311,0.0,11.733333333333311,60.90000000000002,20.29999999999998,2025-04-15,0.0,94.66747,2025-04-16,0.0,79.14912,2025-04-17,0.0,80.985695
253,2025-04-09,2025-04-15,2025-04-16,0.0,15.599999999999985,0.0,7.966666666666644,35.20000000000002,11.733333333333311,0.0,11.733333333333311,0.0,11.733333333333311,60.90000000000002,20.29999999999998,0.0,20.29999999999998,2025-04-16,0.0,79.72793,2025-04-17,0.0,62.666027,2025-04-18,0.0,67.12602
254,2025-04-10,2025-04-16,2025-04-17,0.0,7.966666666666644,35.20000000000002,11.733333333333311,0.0,11.733333333333311,0.0,11.733333333333311,60.90000000000002,20.29999999999998,0.0,20.29999999999998,0.0,20.29999999999998,2025-04-17,0.0,75.16812,2025-04-18,0.0,58.881763,2025-04-19,0.0,64.65745
255,2025-04-11,2025-04-17,2025-04-18,35.20000000000002,11.733333333333311,0.0,11.733333333333311,0.0,11.733333333333311,60.90000000000002,20.29999999999998,0.0,20.29999999999998,0.0,20.29999999999998,0.0,0.0,2025-04-18,0.0,91.06386,2025-04-19,0.0,75.00306,2025-04-20,0.0,77.04427
256,2025-04-12,2025-04-18,2025-04-19,0.0,11.733333333333311,0.0,11.733333333333311,60.90000000000002,20.29999999999998,0.0,20.29999999999998,0.0,20.29999999999998,0.0,0.0,0.0,0.0,2025-04-19,0.0,97.26518,2025-04-20,0.0,83.591805,2025-04-21,0.0,86.306854
257,2025-04-13,2025-04-19,2025-04-20,0.0,11.733333333333311,60.90000000000002,20.29999999999998,0.0,20.29999999999998,0.0,20.29999999999998,0.0,0.0,0.0,0.0,0.0,0.0,2025-04-20,0.0,103.96544,2025-04-21,0.0,92.81617,2025-04-22,0.0,96.21872
258,2025-04-14,2025-04-20,2025-04-21,60.90000000000002,20.29999999999998,0.0,20.29999999999998,0.0,20.29999999999998,0.0,0.0,0.0,0.0,0.0,0.0,31.00000000000002,10.333333333333313,2025-04-21,0.0,119.70577,2025-04-22,0.0,113.44237,2025-04-23,0.0,118.08364
259,2025-04-15,2025-04-21,2025-04-22,0.0,20.29999999999998,0.0,20.29999999999998,0.0,0.0,0.0,0.0,0.0,0.0,31.00000000000002,10.333333333333313,0.0,10.333333333333313,2025-04-22,0.0,118.06308,2025-04-23,0.0,110.797554,2025-04-24,0.0,115.09882
260,2025-04-16,2025-04-22,2025-04-23,0.0,20.29999999999998,0.0,0.0,0.0,0.0,0.0,0.0,31.00000000000002,10.333333333333313,0.0,10.333333333333313,0.0,10.333333333333313,2025-04-23,0.0,117.09959,2025-04-24,0.0,109.412735,2025-04-25,0.0,113.61795
261,2025-04-17,2025-04-23,2025-04-24,0.0,0.0,0.0,0.0,0.0,0.0,31.00000000000002,10.333333333333313,0.0,10.333333333333313,0.0,10.333333333333313,0.0,0.0,2025-04-24,0.0,124.815956,2025-04-25,0.0,121.55448,2025-04-26,0.0,128.13448
262,2025-04-18,2025-04-24,2025-04-25,0.0,0.0,0.0,0.0,31.00000000000002,10.333333333333313,0.0,10.333333333333313,0.0,10.333333333333313,0.0,0.0,0.0,0.0,2025-04-25,0.0,129.01126,2025-04-26,0.0,128.0496,2025-04-27,0.0,135.02844
263,2025-04-19,2025-04-25,2025-04-26,0.0,0.0,31.00000000000002,10.333333333333313,0.0,10.333333333333313,0.0,10.333333333333313,0.0,0.0,0.0,0.0,0.0,0.0,2025-04-26,0.0,129.87288,2025-04-27,0.0,129.82605,2025-04-28,0.0,136.92946
264,2025-04-20,2025-04-26,2025-04-27,31.00000000000002,10.333333333333313,0.0,10.333333333333313,0.0,10.333333333333313,0.0,0.0,0.0,0.0,0.0,0.0,0.0,0.0,2025-04-27,0.0,129.29903,2025-04-28,0.0,129.41151,2025-04-29,0.0,136.7406
265,2025-04-21,2025-04-27,2025-04-28,0.0,10.333333333333313,0.0,10.333333333333313,0.0,0.0,0.0,0.0,0.0,0.0,0.0,0.0,0.0,0.0,2025-04-28,0.0,120.86838,2025-04-29,0.0,117.77881,2025-04-30,0.0,124.85159
266,2025-04-22,2025-04-28,2025-04-29,0.0,10.333333333333313,0.0,0.0,0.0,0.0,0.0,0.0,0.0,0.0,0.0,0.0,0.0,0.0,2025-04-29,0.0,114.35516,2025-04-30,0.0,108.927284,2025-05-01,0.0,115.26047
267,2025-04-23,2025-04-29,2025-04-30,0.0,0.0,0.0,0.0,0.0,0.0,0.0,0.0,0.0,0.0,0.0,0.0,0.0,0.0,2025-04-30,0.0,106.010704,2025-05-01,0.0,97.375565,2025-05-02,0.0,102.774254
268,2025-04-24,2025-04-30,2025-05-01,0.0,0.0,0.0,0.0,0.0,0.0,0.0,0.0,0.0,0.0,0.0,0.0,0.0,0.0,2025-05-01,0.0,106.010704,2025-05-02,0.0,97.375565,2025-05-03,0.0,102.774254
269,2025-04-25,2025-05-01,2025-05-02,0.0,0.0,0.0,0.0,0.0,0.0,0.0,0.0,0.0,0.0,0.0,0.0,0.0,0.0,2025-05-02,0.0,106.010704,2025-05-03,0.0,97.375565,2025-05-04,0.0,102.774254
270,2025-04-26,2025-05-02,2025-05-03,0.0,0.0,0.0,0.0,0.0,0.0,0.0,0.0,0.0,0.0,0.0,0.0,0.0,0.0,2025-05-03,0.0,106.010704,2025-05-04,0.0,97.375565,2025-05-05,0.0,102.774254
271,2025-04-27,2025-05-03,2025-05-04,0.0,0.0,0.0,0.0,0.0,0.0,0.0,0.0,0.0,0.0,0.0,0.0,0.0,0.0,2025-05-04,0.0,106.010704,2025-05-05,0.0,97.375565,2025-05-06,0.0,102.774254
272,2025-04-28,2025-05-04,2025-05-05,0.0,0.0,0.0,0.0,0.0,0.0,0.0,0.0,0.0,0.0,0.0,0.0,22.50000000000002,7.499999999999979,2025-05-05,0.0,140.0078,2025-05-06,0.0,142.53284,2025-05-07,0.0,150.55449
273,2025-04-29,2025-05-05,2025-05-06,0.0,0.0,0.0,0.0,0.0,0.0,0.0,0.0,0.0,0.0,22.50000000000002,7.499999999999979,33.300000000000026,18.599999999999987,2025-05-06,0.0,200.44052,2025-05-07,0.0,208.76985,2025-05-08,0.0,210.86324
274,2025-04-30,2025-05-06,2025-05-07,0.0,0.0,0.0,0.0,0.0,0.0,0.0,0.0,22.50000000000002,7.499999999999979,33.300000000000026,18.599999999999987,14.200000000000019,23.33333333333333,2025-05-07,0.0,202.10799,2025-05-08,0.0,211.48811,2025-05-09,0.0,213.81247
275,2025-05-01,2025-05-07,2025-05-08,0.0,0.0,0.0,0.0,0.0,0.0,22.50000000000002,7.499999999999979,33.300000000000026,18.599999999999987,14.200000000000019,23.33333333333333,0.0,15.83333333333332,2025-05-08,0.0,133.87416,2025-05-09,0.0,132.90413,2025-05-10,0.0,139.39452
276,2025-05-02,2025-05-08,2025-05-09,0.0,0.0,0.0,0.0,22.50000000000002,7.499999999999979,33.300000000000026,18.599999999999987,14.200000000000019,23.33333333333333,0.0,15.83333333333332,0.0,4.733333333333312,2025-05-09,0.0,136.40762,2025-05-10,0.0,136.52599,2025-05-11,0.0,143.40707
277,2025-05-03,2025-05-09,2025-05-10,0.0,0.0,22.50000000000002,7.499999999999979,33.300000000000026,18.599999999999987,14.200000000000019,23.33333333333333,0.0,15.83333333333332,0.0,4.733333333333312,0.0,0.0,2025-05-10,0.0,140.33826,2025-05-11,0.0,142.58307,2025-05-12,0.0,150.08218
278,2025-05-04,2025-05-10,2025-05-11,22.50000000000002,7.499999999999979,33.300000000000026,18.599999999999987,14.200000000000019,23.33333333333333,0.0,15.83333333333332,0.0,4.733333333333312,0.0,0.0,42.800000000000026,14.266666666666646,2025-05-11,0.0,139.09096,2025-05-12,0.0,137.83739,2025-05-13,0.0,143.16081
279,2025-05-05,2025-05-11,2025-05-12,33.300000000000026,18.599999999999987,14.200000000000019,23.33333333333333,0.0,15.83333333333332,0.0,4.733333333333312,0.0,0.0,42.800000000000026,14.266666666666646,0.0,14.266666666666646,2025-05-12,0.0,115.57041,2025-05-13,0.0,106.931206,2025-05-14,0.0,110.86274
280,2025-05-06,2025-05-12,2025-05-13,14.200000000000019,23.33333333333333,0.0,15.83333333333332,0.0,4.733333333333312,0.0,0.0,42.800000000000026,14.266666666666646,0.0,14.266666666666646,0.0,14.266666666666646,2025-05-13,0.0,106.23625,2025-05-14,0.0,94.82646,2025-05-15,0.0,98.09129
281,2025-05-07,2025-05-13,2025-05-14,0.0,15.83333333333332,0.0,4.733333333333312,0.0,0.0,42.800000000000026,14.266666666666646,0.0,14.266666666666646,0.0,14.266666666666646,0.0,0.0,2025-05-14,0.0,110.73831,2025-05-15,0.0,101.15099,2025-05-16,0.0,104.76196
282,2025-05-08,2025-05-14,2025-05-15,0.0,4.733333333333312,0.0,0.0,42.800000000000026,14.266666666666646,0.0,14.266666666666646,0.0,14.266666666666646,0.0,0.0,5.900000000000022,1.9666666666666455,2025-05-15,0.0,129.97052,2025-05-16,0.0,127.62738,2025-05-17,0.0,133.8058
283,2025-05-09,2025-05-15,2025-05-16,0.0,0.0,42.800000000000026,14.266666666666646,0.0,14.266666666666646,0.0,14.266666666666646,0.0,0.0,5.900000000000022,1.9666666666666455,0.0,1.9666666666666455,2025-05-16,0.0,132.28824,2025-05-17,0.0,131.6912,2025-05-18,428.0,138.48653
284,2025-05-10,2025-05-16,2025-05-17,42.800000000000026,14.266666666666646,0.0,14.266666666666646,0.0,14.266666666666646,0.0,0.0,5.900000000000022,1.9666666666666455,0.0,1.9666666666666455,87.50000000000001,31.13333333333331,2025-05-17,0.0,70.59756,2025-05-18,428.0,54.77906,2025-05-19,0.0,61.870453
285,2025-05-11,2025-05-17,2025-05-18,0.0,14.266666666666646,0.0,14.266666666666646,0.0,0.0,5.900000000000022,1.9666666666666455,0.0,1.9666666666666455,87.50000000000001,31.13333333333331,0.0,29.166666666666643,2025-05-18,428.0,60.61685,2025-05-19,0.0,46.98656,2025-05-20,0.0,59.194347
286,2025-05-12,2025-05-18,2025-05-19,0.0,14.266666666666646,0.0,0.0,5.900000000000022,1.9666666666666455,0.0,1.9666666666666455,87.50000000000001,31.13333333333331,0.0,29.166666666666643,77.70000000000002,55.06666666666664,2025-05-19,0.0,44.2185,2025-05-20,0.0,34.809036,2025-05-21,0.0,54.328907
287,2025-05-13,2025-05-19,2025-05-20,0.0,0.0,5.900000000000022,1.9666666666666455,0.0,1.9666666666666455,87.50000000000001,31.13333333333331,0.0,29.166666666666643,77.70000000000002,55.06666666666664,52.00000000000002,43.23333333333332,2025-05-20,0.0,53.59909,2025-05-21,0.0,43.094284,2025-05-22,0.0,60.002228
288,2025-05-14,2025-05-20,2025-05-21,5.900000000000022,1.9666666666666455,0.0,1.9666666666666455,87.50000000000001,31.13333333333331,0.0,29.166666666666643,77.70000000000002,55.06666666666664,52.00000000000002,43.23333333333332,0.0,43.23333333333332,2025-05-21,0.0,59.21,2025-05-22,0.0,57.975574,2025-05-23,0.0,83.44198
289,2025-05-15,2025-05-21,2025-05-22,0.0,1.9666666666666455,87.50000000000001,31.13333333333331,0.0,29.166666666666643,77.70000000000002,55.06666666666664,52.00000000000002,43.23333333333332,0.0,43.23333333333332,19.40000000000002,23.799999999999983,2025-05-22,0.0,77.24184,2025-05-23,0.0,73.22143,2025-05-24,0.0,91.219154
290,2025-05-16,2025-05-22,2025-05-23,87.50000000000001,31.13333333333331,0.0,29.166666666666643,77.70000000000002,55.06666666666664,52.00000000000002,43.23333333333332,0.0,43.23333333333332,19.40000000000002,23.799999999999983,0.0,6.466666666666645,2025-05-23,0.0,92.114174,2025-05-24,0.0,85.36635,2025-05-25,0.0,96.14459
291,2025-05-17,2025-05-23,2025-05-24,0.0,29.166666666666643,77.70000000000002,55.06666666666664,52.00000000000002,43.23333333333332,0.0,43.23333333333332,19.40000000000002,23.799999999999983,0.0,6.466666666666645,29.400000000000016,16.26666666666665,2025-05-24,0.0,113.33835,2025-05-25,0.0,105.984406,2025-05-26,0.0,111.8133
292,2025-05-18,2025-05-24,2025-05-25,77.70000000000002,55.06666666666664,52.00000000000002,43.23333333333332,0.0,43.23333333333332,19.40000000000002,23.799999999999983,0.0,6.466666666666645,29.400000000000016,16.26666666666665,0.0,9.799999999999978,2025-05-25,0.0,145.59189,2025-05-26,0.0,149.84726,2025-05-27,0.0,158.81552
293,2025-05-19,2025-05-25,2025-05-26,52.00000000000002,43.23333333333332,0.0,43.23333333333332,19.40000000000002,23.799999999999983,0.0,6.466666666666645,29.400000000000016,16.26666666666665,0.0,9.799999999999978,0.0,9.799999999999978,2025-05-26,0.0,126.864075,2025-05-27,0.0,123.28376,2025-05-28,0.0,129.47177
294,2025-05-20,2025-05-26,2025-05-27,0.0,43.23333333333332,19.40000000000002,23.799999999999983,0.0,6.466666666666645,29.400000000000016,16.26666666666665,0.0,9.799999999999978,0.0,9.799999999999978,0.0,0.0,2025-05-27,0.0,130.6378,2025-05-28,0.0,128.68675,2025-05-29,0.0,135.63605
295,2025-05-21,2025-05-27,2025-05-28,19.40000000000002,23.799999999999983,0.0,6.466666666666645,29.400000000000016,16.26666666666665,0.0,9.799999999999978,0.0,9.799999999999978,0.0,0.0,0.0,0.0,2025-05-28,0.0,140.44371,2025-05-29,0.0,143.15833,2025-05-30,0.0,150.85808
296,2025-05-22,2025-05-28,2025-05-29,0.0,6.466666666666645,29.400000000000016,16.26666666666665,0.0,9.799999999999978,0.0,9.799999999999978,0.0,0.0,0.0,0.0,0.0,0.0,2025-05-29,0.0,133.66508,2025-05-30,0.0,134.76314,2025-05-31,0.0,142.25099
297,2025-05-23,2025-05-29,2025-05-30,29.400000000000016,16.26666666666665,0.0,9.799999999999978,0.0,9.799999999999978,0.0,0.0,0.0,0.0,0.0,0.0,0.0,0.0,2025-05-30,0.0,129.90863,2025-05-31,0.0,130.28204,2025-06-01,0.0,137.68353
298,2025-05-24,2025-05-30,2025-05-31,0.0,9.799999999999978,0.0,9.799999999999978,0.0,0.0,0.0,0.0,0.0,0.0,0.0,0.0,0.0,0.0,2025-05-31,0.0,121.196205,2025-06-01,0.0,118.2514,2025-06-02,0.0,125.32704
299,2025-05-25,2025-05-31,2025-06-01,0.0,9.799999999999978,0.0,0.0,0.0,0.0,0.0,0.0,0.0,0.0,0.0,0.0,0.0,0.0,2025-06-01,0.0,114.447685,2025-06-02,0.0,109.053604,2025-06-03,0.0,115.39689
300,2025-05-26,2025-06-01,2025-06-02,0.0,0.0,0.0,0.0,0.0,0.0,0.0,0.0,0.0,0.0,0.0,0.0,0.0,0.0,2025-06-02,0.0,106.010704,2025-06-03,0.0,97.375565,2025-06-04,0.0,102.774254
301,2025-05-27,2025-06-02,2025-06-03,0.0,0.0,0.0,0.0,0.0,0.0,0.0,0.0,0.0,0.0,0.0,0.0,0.0,0.0,2025-06-03,0.0,106.010704,2025-06-04,0.0,97.375565,2025-06-05,0.0,102.774254
302,2025-05-28,2025-06-03,2025-06-04,0.0,0.0,0.0,0.0,0.0,0.0,0.0,0.0,0.0,0.0,0.0,0.0,0.0,0.0,2025-06-04,0.0,106.010704,2025-06-05,0.0,97.375565,2025-06-06,0.0,102.774254
303,2025-05-29,2025-06-04,2025-06-05,0.0,0.0,0.0,0.0,0.0,0.0,0.0,0.0,0.0,0.0,0.0,0.0,0.0,0.0,2025-06-05,0.0,106.010704,2025-06-06,0.0,97.375565,2025-06-07,0.0,102.774254
304,2025-05-30,2025-06-05,2025-06-06,0.0,0.0,0.0,0.0,0.0,0.0,0.0,0.0,0.0,0.0,0.0,0.0,0.0,0.0,2025-06-06,0.0,106.010704,2025-06-07,0.0,97.375565,2025-06-08,0.0,102.774254
305,2025-05-31,2025-06-06,2025-06-07,0.0,0.0,0.0,0.0,0.0,0.0,0.0,0.0,0.0,0.0,0.0,0.0,0.0,0.0,2025-06-07,0.0,106.010704,2025-06-08,0.0,97.375565,2025-06-09,0.0,102.774254
306,2025-06-01,2025-06-07,2025-06-08,0.0,0.0,0.0,0.0,0.0,0.0,0.0,0.0,0.0,0.0,0.0,0.0,0.0,0.0,2025-06-08,0.0,106.010704,2025-06-09,0.0,97.375565,2025-06-10,0.0,102.774254
307,2025-06-02,2025-06-08,2025-06-09,0.0,0.0,0.0,0.0,0.0,0.0,0.0,0.0,0.0,0.0,0.0,0.0,0.0,0.0,2025-06-09,0.0,106.010704,2025-06-10,0.0,97.375565,2025-06-11,0.0,102.774254
308,2025-06-03,2025-06-09,2025-06-10,0.0,0.0,0.0,0.0,0.0,0.0,0.0,0.0,0.0,0.0,0.0,0.0,0.0,0.0,2025-06-10,0.0,106.010704,2025-06-11,0.0,97.375565,2025-06-12,0.0,102.774254
309,2025-06-04,2025-06-10,2025-06-11,0.0,0.0,0.0,0.0,0.0,0.0,0.0,0.0,0.0,0.0,0.0,0.0,0.0,0.0,2025-06-11,0.0,106.010704,2025-06-12,0.0,97.375565,2025-06-13,0.0,102.774254
310,2025-06-05,2025-06-11,2025-06-12,0.0,0.0,0.0,0.0,0.0,0.0,0.0,0.0,0.0,0.0,0.0,0.0,0.0,0.0,2025-06-12,0.0,106.010704,2025-06-13,0.0,97.375565,2025-06-14,0.0,102.774254
311,2025-06-06,2025-06-12,2025-06-13,0.0,0.0,0.0,0.0,0.0,0.0,0.0,0.0,0.0,0.0,0.0,0.0,0.0,0.0,2025-06-13,0.0,106.010704,2025-06-14,0.0,97.375565,2025-06-15,0.0,102.774254
312,2025-06-07,2025-06-13,2025-06-14,0.0,0.0,0.0,0.0,0.0,0.0,0.0,0.0,0.0,0.0,0.0,0.0,0.0,0.0,2025-06-14,0.0,106.010704,2025-06-15,0.0,97.375565,2025-06-16,0.0,102.774254
313,2025-06-08,2025-06-14,2025-06-15,0.0,0.0,0.0,0.0,0.0,0.0,0.0,0.0,0.0,0.0,0.0,0.0,0.0,0.0,2025-06-15,0.0,106.010704,2025-06-16,0.0,97.375565,2025-06-17,0.0,102.774254
314,2025-06-09,2025-06-15,2025-06-16,0.0,0.0,0.0,0.0,0.0,0.0,0.0,0.0,0.0,0.0,0.0,0.0,0.0,0.0,2025-06-16,0.0,106.010704,2025-06-17,0.0,97.375565,2025-06-18,0.0,102.774254
315,2025-06-10,2025-06-16,2025-06-17,0.0,0.0,0.0,0.0,0.0,0.0,0.0,0.0,0.0,0.0,0.0,0.0,0.0,0.0,2025-06-17,0.0,106.010704,2025-06-18,0.0,97.375565,2025-06-19,549.0,102.774254
316,2025-06-11,2025-06-17,2025-06-18,0.0,0.0,0.0,0.0,0.0,0.0,0.0,0.0,0.0,0.0,0.0,0.0,0.0,0.0,2025-06-18,0.0,106.010704,2025-06-19,549.0,97.375565,2025-06-20,0.0,102.774254
317,2025-06-12,2025-06-18,2025-06-19,0.0,0.0,0.0,0.0,0.0,0.0,0.0,0.0,0.0,0.0,0.0,0.0,0.0,0.0,2025-06-19,549.0,106.010704,2025-06-20,0.0,97.375565,2025-06-21,0.0,102.774254
318,2025-06-13,2025-06-19,2025-06-20,0.0,0.0,0.0,0.0,0.0,0.0,0.0,0.0,0.0,0.0,0.0,0.0,31.500000000000014,10.499999999999977,2025-06-20,0.0,125.2293,2025-06-21,0.0,123.19775,2025-06-22,0.0,129.24612
319,2025-06-14,2025-06-20,2025-06-21,0.0,0.0,0.0,0.0,0.0,0.0,0.0,0.0,0.0,0.0,31.500000000000014,10.499999999999977,0.0,10.499999999999977,2025-06-21,0.0,116.731705,2025-06-22,0.0,110.791435,2025-06-23,360.0,116.28768
320,2025-06-15,2025-06-21,2025-06-22,0.0,0.0,0.0,0.0,0.0,0.0,0.0,0.0,31.500000000000014,10.499999999999977,0.0,10.499999999999977,0.0,10.499999999999977,2025-06-22,0.0,114.823906,2025-06-23,360.0,106.7079,2025-06-24,0.0,110.82714
321,2025-06-16,2025-06-22,2025-06-23,0.0,0.0,0.0,0.0,0.0,0.0,31.500000000000014,10.499999999999977,0.0,10.499999999999977,0.0,10.499999999999977,0.10000000000001422,0.03333333333330965,2025-06-23,360.0,124.16292,2025-06-24,0.0,120.59972,2025-06-25,0.0,127.10311
322,2025-06-17,2025-06-23,2025-06-24,0.0,0.0,0.0,0.0,31.500000000000014,10.499999999999977,0.0,10.499999999999977,0.0,10.499999999999977,0.10000000000001422,0.03333333333330965,0.30000000000001426,0.1333333333333144,2025-06-24,0.0,129.55035,2025-06-25,0.0,128.71461,2025-06-26,0.0,135.71259
323,2025-06-18,2025-06-24,2025-06-25,0.0,0.0,31.500000000000014,10.499999999999977,0.0,10.499999999999977,0.0,10.499999999999977,0.10000000000001422,0.03333333333330965,0.30000000000001426,0.1333333333333144,0.0,0.1333333333333144,2025-06-25,0.0,130.40802,2025-06-26,0.0,130.47615,2025-06-27,0.0,137.61609
324,2025-06-19,2025-06-25,2025-06-26,31.500000000000014,10.499999999999977,0.0,10.499999999999977,0.0,10.499999999999977,0.10000000000001422,0.03333333333330965,0.30000000000001426,0.1333333333333144,0.0,0.1333333333333144,0.20000000000001425,0.16666666666664773,2025-06-26,0.0,130.44553,2025-06-27,0.0,130.98384,2025-06-28,0.0,138.34077
325,2025-06-20,2025-06-26,2025-06-27,0.0,10.499999999999977,0.0,10.499999999999977,0.10000000000001422,0.03333333333330965,0.30000000000001426,0.1333333333333144,0.0,0.1333333333333144,0.20000000000001425,0.16666666666664773,0.0,0.06666666666664299,2025-06-27,0.0,122.05042,2025-06-28,0.0,119.40289,2025-06-29,0.0,126.56756
326,2025-06-21,2025-06-27,2025-06-28,0.0,10.499999999999977,0.10000000000001422,0.03333333333330965,0.30000000000001426,0.1333333333333144,0.0,0.1333333333333144,0.20000000000001425,0.16666666666664773,0.0,0.06666666666664299,0.0,0.06666666666664299,2025-06-28,0.0,115.5513,2025-06-29,0.0,110.57925,2025-06-30,0.0,117.041954
327,2025-06-22,2025-06-28,2025-06-29,0.10000000000001422,0.03333333333330965,0.30000000000001426,0.1333333333333144,0.0,0.1333333333333144,0.20000000000001425,0.16666666666664773,0.0,0.06666666666664299,0.0,0.06666666666664299,7.200000000000014,2.3999999999999764,2025-06-29,0.0,126.42394,2025-06-30,0.0,125.56146,2025-07-01,0.0,133.27339
328,2025-06-23,2025-06-29,2025-06-30,0.30000000000001426,0.1333333333333144,0.0,0.1333333333333144,0.20000000000001425,0.16666666666664773,0.0,0.06666666666664299,0.0,0.06666666666664299,7.200000000000014,2.3999999999999764,8.000000000000014,5.066666666666648,2025-06-30,0.0,151.2142,2025-07-01,0.0,154.56084,2025-07-02,0.0,162.45122
329,2025-06-24,2025-06-30,2025-07-01,0.0,0.1333333333333144,0.20000000000001425,0.16666666666664773,0.0,0.06666666666664299,0.0,0.06666666666664299,7.200000000000014,2.3999999999999764,8.000000000000014,5.066666666666648,0.0,5.066666666666648,2025-07-01,0.0,140.19221,2025-07-02,0.0,143.51494,2025-07-03,0.0,151.56598
330,2025-06-25,2025-07-01,2025-07-02,0.20000000000001425,0.16666666666664773,0.0,0.06666666666664299,0.0,0.06666666666664299,7.200000000000014,2.3999999999999764,8.000000000000014,5.066666666666648,0.0,5.066666666666648,0.0,2.6666666666666425,2025-07-02,0.0,138.27208,2025-07-03,0.0,141.2252,2025-07-04,0.0,149.26817
331,2025-06-26,2025-07-02,2025-07-03,0.0,0.06666666666664299,0.0,0.06666666666664299,7.200000000000014,2.3999999999999764,8.000000000000014,5.066666666666648,0.0,5.066666666666648,0.0,2.6666666666666425,0.0,0.0,2025-07-03,0.0,137.65872,2025-07-04,0.0,140.83168,2025-07-05,0.0,148.93674
332,2025-06-27,2025-07-03,2025-07-04,0.0,0.06666666666664299,7.200000000000014,2.3999999999999764,8.000000000000014,5.066666666666648,0.0,5.066666666666648,0.0,2.6666666666666425,0.0,0.0,0.0,0.0,2025-07-04,0.0,135.8116,2025-07-05,0.0,138.5288,2025-07-06,0.0,146.61375
333,2025-06-28,2025-07-04,2025-07-05,7.200000000000014,2.3999999999999764,8.000000000000014,5.066666666666648,0.0,5.066666666666648,0.0,2.6666666666666425,0.0,0.0,0.0,0.0,0.0,0.0,2025-07-05,0.0,133.23659,2025-07-06,0.0,134.9862,2025-07-07,1048.0,143.09644
334,2025-06-29,2025-07-05,2025-07-06,8.000000000000014,5.066666666666648,0.0,5.066666666666648,0.0,2.6666666666666425,0.0,0.0,0.0,0.0,0.0,0.0,29.700000000000014,9.899999999999975,2025-07-06,0.0,160.1135,2025-07-07,1048.0,161.71872,2025-07-08,0.0,167.73529
335,2025-06-30,2025-07-06,2025-07-07,0.0,5.066666666666648,0.0,2.6666666666666425,0.0,0.0,0.0,0.0,0.0,0.0,29.700000000000014,9.899999999999975,0.0,9.899999999999975,2025-07-07,1048.0,127.309975,2025-07-08,0.0,124.933945,2025-07-09,0.0,131.3687
336,2025-07-01,2025-07-07,2025-07-08,0.0,2.6666666666666425,0.0,0.0,0.0,0.0,0.0,0.0,29.700000000000014,9.899999999999975,0.0,9.899999999999975,19.900000000000013,16.533333333333314,2025-07-08,0.0,174.8848,2025-07-09,0.0,177.48419,2025-07-10,0.0,182.4691
337,2025-07-02,2025-07-08,2025-07-09,0.0,0.0,0.0,0.0,0.0,0.0,29.700000000000014,9.899999999999975,0.0,9.899999999999975,19.900000000000013,16.533333333333314,0.0,6.633333333333309,2025-07-09,0.0,154.52718,2025-07-10,0.0,157.59192,2025-07-11,0.0,164.89282
338,2025-07-03,2025-07-09,2025-07-10,0.0,0.0,0.0,0.0,29.700000000000014,9.899999999999975,0.0,9.899999999999975,19.900000000000013,16.533333333333314,0.0,6.633333333333309,0.0,6.633333333333309,2025-07-10,0.0,144.5945,2025-07-11,0.0,147.60475,2025-07-12,0.0,155.33948
339,2025-07-04,2025-07-10,2025-07-11,0.0,0.0,29.700000000000014,9.899999999999975,0.0,9.899999999999975,19.900000000000013,16.533333333333314,0.0,6.633333333333309,0.0,6.633333333333309,0.0,0.0,2025-07-11,0.0,148.04965,2025-07-12,0.0,151.5889,2025-07-13,0.0,159.39177
340,2025-07-05,2025-07-11,2025-07-12,29.700000000000014,9.899999999999975,0.0,9.899999999999975,19.900000000000013,16.533333333333314,0.0,6.633333333333309,0.0,6.633333333333309,0.0,0.0,0.0,0.0,2025-07-12,0.0,147.38618,2025-07-13,0.0,151.1866,2025-07-14,0.0,159.16853
341,2025-07-06,2025-07-12,2025-07-13,0.0,9.899999999999975,19.900000000000013,16.533333333333314,0.0,6.633333333333309,0.0,6.633333333333309,0.0,0.0,0.0,0.0,0.0,0.0,2025-07-13,0.0,135.95323,2025-07-14,0.0,138.27336,2025-07-15,0.0,146.116
342,2025-07-07,2025-07-13,2025-07-14,19.900000000000013,16.533333333333314,0.0,6.633333333333309,0.0,6.633333333333309,0.0,0.0,0.0,0.0,0.0,0.0,0.0,0.0,2025-07-14,0.0,128.95166,2025-07-15,0.0,129.08025,2025-07-16,0.0,136.74883
343,2025-07-08,2025-07-14,2025-07-15,0.0,6.633333333333309,0.0,6.633333333333309,0.0,0.0,0.0,0.0,0.0,0.0,0.0,0.0,0.0,0.0,2025-07-15,0.0,118.97147,2025-07-16,0.0,115.28139,2025-07-17,0.0,122.09765
344,2025-07-09,2025-07-15,2025-07-16,0.0,6.633333333333309,0.0,0.0,0.0,0.0,0.0,0.0,0.0,0.0,0.0,0.0,0.0,0.0,2025-07-16,0.0,112.6535,2025-07-17,0.0,106.56584,2025-07-18,0.0,112.71027
345,2025-07-10,2025-07-16,2025-07-17,0.0,0.0,0.0,0.0,0.0,0.0,0.0,0.0,0.0,0.0,0.0,0.0,0.0,0.0,2025-07-17,0.0,106.010704,2025-07-18,0.0,97.375565,2025-07-19,0.0,102.774254
346,2025-07-11,2025-07-17,2025-07-18,0.0,0.0,0.0,0.0,0.0,0.0,0.0,0.0,0.0,0.0,0.0,0.0,0.0,0.0,2025-07-18,0.0,106.010704,2025-07-19,0.0,97.375565,2025-07-20,0.0,102.774254
347,2025-07-12,2025-07-18,2025-07-19,0.0,0.0,0.0,0.0,0.0,0.0,0.0,0.0,0.0,0.0,0.0,0.0,0.6000000000000142,0.1999999999999763,2025-07-19,0.0,107.61152,2025-07-20,0.0,99.58034,2025-07-21,0.0,105.15863
348,2025-07-13,2025-07-19,2025-07-20,0.0,0.0,0.0,0.0,0.0,0.0,0.0,0.0,0.0,0.0,0.6000000000000142,0.1999999999999763,0.0,0.1999999999999763,2025-07-20,0.0,107.35846,2025-07-21,0.0,99.23007,2025-07-22,0.0,104.77765
349,2025-07-14,2025-07-20,2025-07-21,0.0,0.0,0.0,0.0,0.0,0.0,0.0,0.0,0.6000000000000142,0.1999999999999763,0.0,0.1999999999999763,0.0,0.1999999999999763,2025-07-21,0.0,107.2482,2025-07-22,0.0,99.07716,2025-07-23,0.0,104.610504
350,2025-07-15,2025-07-21,2025-07-22,0.0,0.0,0.0,0.0,0.0,0.0,0.6000000000000142,0.1999999999999763,0.0,0.1999999999999763,0.0,0.1999999999999763,0.0,0.0,2025-07-22,0.0,107.2805,2025-07-23,0.0,99.12256,2025-07-24,0.0,104.66147
351,2025-07-16,2025-07-22,2025-07-23,0.0,0.0,0.0,0.0,0.6000000000000142,0.1999999999999763,0.0,0.1999999999999763,0.0,0.1999999999999763,0.0,0.0,0.0,0.0,2025-07-23,0.0,107.25079,2025-07-24,0.0,99.08199,2025-07-25,0.0,104.618904
352,2025-07-17,2025-07-23,2025-07-24,0.0,0.0,0.6000000000000142,0.1999999999999763,0.0,0.1999999999999763,0.0,0.1999999999999763,0.0,0.0,0.0,0.0,0.0,0.0,2025-07-24,0.0,107.18823,2025-07-25,0.0,98.99594,2025-07-26,0.0,104.52679
353,2025-07-18,2025-07-24,2025-07-25,0.6000000000000142,0.1999999999999763,0.0,0.1999999999999763,0.0,0.1999999999999763,0.0,0.0,0.0,0.0,0.0,0.0,0.0,0.0,2025-07-25,0.0,107.10439,2025-07-26,0.0,98.88026,2025-07-27,0.0,104.40218
354,2025-07-19,2025-07-25,2025-07-26,0.0,0.1999999999999763,0.0,0.1999999999999763,0.0,0.0,0.0,0.0,0.0,0.0,0.0,0.0,0.0,0.0,2025-07-26,0.0,106.42638,2025-07-27,0.0,97.94359,2025-07-28,117.0,103.39095
355,2025-07-20,2025-07-26,2025-07-27,0.0,0.1999999999999763,0.0,0.0,0.0,0.0,0.0,0.0,0.0,0.0,0.0,0.0,0.0,0.0,2025-07-27,0.0,106.21815,2025-07-28,117.0,97.65609,2025-07-29,0.0,103.08083
356,2025-07-21,2025-07-27,2025-07-28,0.0,0.0,0.0,0.0,0.0,0.0,0.0,0.0,0.0,0.0,0.0,0.0,0.0,0.0,2025-07-28,117.0,106.010704,2025-07-29,0.0,97.375565,2025-07-30,0.0,102.774254
357,2025-07-22,2025-07-28,2025-07-29,0.0,0.0,0.0,0.0,0.0,0.0,0.0,0.0,0.0,0.0,0.0,0.0,3.900000000000014,1.2999999999999763,2025-07-29,0.0,116.419365,2025-07-30,0.0,111.74457,2025-07-31,0.0,118.294876
358,2025-07-23,2025-07-29,2025-07-30,0.0,0.0,0.0,0.0,0.0,0.0,0.0,0.0,0.0,0.0,3.900000000000014,1.2999999999999763,0.0,1.2999999999999763,2025-07-30,0.0,114.775566,2025-07-31,0.0,109.469604,2025-08-01,0.0,115.82031
359,2025-07-24,2025-07-30,2025-07-31,0.0,0.0,0.0,0.0,0.0,0.0,0.0,0.0,3.900000000000014,1.2999999999999763,0.0,1.2999999999999763,0.0,1.2999999999999763,2025-07-31,0.0,114.05268,2025-08-01,0.0,108.46733,2025-08-02,0.0,114.72471
360,2025-07-25,2025-07-31,2025-08-01,0.0,0.0,0.0,0.0,0.0,0.0,3.900000000000014,1.2999999999999763,0.0,1.2999999999999763,0.0,1.2999999999999763,0.0,0.0,2025-08-01,0.0,114.258514,2025-08-02,0.0,108.75645,2025-08-03,0.0,115.0496
361,2025-07-26,2025-08-01,2025-08-02,0.0,0.0,0.0,0.0,3.900000000000014,1.2999999999999763,0.0,1.2999999999999763,0.0,1.2999999999999763,0.0,0.0,0.0,0.0,2025-08-02,0.0,114.062996,2025-08-03,0.0,108.489456,2025-08-04,0.0,114.769104
362,2025-07-27,2025-08-02,2025-08-03,0.0,0.0,3.900000000000014,1.2999999999999763,0.0,1.2999999999999763,0.0,1.2999999999999763,0.0,0.0,0.0,0.0,0.0,0.0,2025-08-03,0.0,113.65472,2025-08-04,0.0,107.92765,2025-08-05,0.0,114.167755
363,2025-07-28,2025-08-03,2025-08-04,3.900000000000014,1.2999999999999763,0.0,1.2999999999999763,0.0,1.2999999999999763,0.0,0.0,0.0,0.0,0.0,0.0,8.800000000000015,2.93333333333331,2025-08-04,0.0,136.98277,2025-08-05,0.0,139.92026,2025-08-06,0.0,148.47461
364,2025-07-29,2025-08-04,2025-08-05,0.0,1.2999999999999763,0.0,1.2999999999999763,0.0,0.0,0.0,0.0,0.0,0.0,8.800000000000015,2.93333333333331,0.0,2.93333333333331,2025-08-05,0.0,128.49962,2025-08-06,0.0,128.41861,2025-08-07,0.0,136.0769
365,2025-07-30,2025-08-05,2025-08-06,0.0,1.2999999999999763,0.0,0.0,0.0,0.0,0.0,0.0,8.800000000000015,2.93333333333331,0.0,2.93333333333331,0.0,2.93333333333331,2025-08-06,0.0,125.49681,2025-08-07,0.0,124.20684,2025-08-08,0.0,131.44019
366,2025-07-31,2025-08-06,2025-08-07,0.0,0.0,0.0,0.0,0.0,0.0,8.800000000000015,2.93333333333331,0.0,2.93333333333331,0.0,2.93333333333331,0.0,0.0,2025-08-07,0.0,124.601135,2025-08-08,0.0,123.03601,2025-08-09,0.0,130.39746
367,2025-08-01,2025-08-07,2025-08-08,0.0,0.0,0.0,0.0,8.800000000000015,2.93333333333331,0.0,2.93333333333331,0.0,2.93333333333331,0.0,0.0,0.0,0.0,2025-08-08,0.0,124.15179,2025-08-09,0.0,122.42207,2025-08-10,0.0,129.7743
368,2025-08-02,2025-08-08,2025-08-09,0.0,0.0,8.800000000000015,2.93333333333331,0.0,2.93333333333331,0.0,2.93333333333331,0.0,0.0,0.0,0.0,0.0,0.0,2025-08-09,0.0,123.290474,2025-08-10,0.0,121.24045,2025-08-11,0.0,128.52197
369,2025-08-03,2025-08-09,2025-08-10,8.800000000000015,2.93333333333331,0.0,2.93333333333331,0.0,2.93333333333331,0.0,0.0,0.0,0.0,0.0,0.0,0.0,0.0,2025-08-10,0.0,122.09838,2025-08-11,0.0,119.59885,2025-08-12,0.0,126.75649
370,2025-08-04,2025-08-10,2025-08-11,0.0,2.93333333333331,0.0,2.93333333333331,0.0,0.0,0.0,0.0,0.0,0.0,0.0,0.0,0.0,0.0,2025-08-11,0.0,112.13019,2025-08-12,0.0,105.82646,2025-08-13,0.0,111.90463
371,2025-08-05,2025-08-11,2025-08-12,0.0,2.93333333333331,0.0,0.0,0.0,0.0,0.0,0.0,0.0,0.0,0.0,0.0,0.0,0.0,2025-08-12,0.0,109.077255,2025-08-13,0.0,101.61067,2025-08-14,0.0,107.35581
372,2025-08-06,2025-08-12,2025-08-13,0.0,0.0,0.0,0.0,0.0,0.0,0.0,0.0,0.0,0.0,0.0,0.0,36.500000000000014,12.166666666666643,2025-08-13,0.0,117.42915,2025-08-14,0.0,111.9402,2025-08-15,0.0,116.82096
373,2025-08-07,2025-08-13,2025-08-14,0.0,0.0,0.0,0.0,0.0,0.0,0.0,0.0,0.0,0.0,36.500000000000014,12.166666666666643,0.0,12.166666666666643,2025-08-14,0.0,109.04722,2025-08-15,0.0,99.209465,2025-08-16,0.0,102.82489
374,2025-08-08,2025-08-14,2025-08-15,0.0,0.0,0.0,0.0,0.0,0.0,0.0,0.0,36.500000000000014,12.166666666666643,0.0,12.166666666666643,0.0,12.166666666666643,2025-08-15,0.0,108.15677,2025-08-16,0.0,98.05803,2025-08-17,405.0,101.67457
375,2025-08-09,2025-08-15,2025-08-16,0.0,0.0,0.0,0.0,0.0,0.0,36.500000000000014,12.166666666666643,0.0,12.166666666666643,0.0,12.166666666666643,0.0,0.0,2025-08-16,0.0,114.6217,2025-08-17,405.0,107.62084,2025-08-18,0.0,112.44095
376,2025-08-10,2025-08-16,2025-08-17,0.0,0.0,0.0,0.0,36.500000000000014,12.166666666666643,0.0,12.166666666666643,0.0,12.166666666666643,0.0,0.0,0.0,0.0,2025-08-17,405.0,122.21079,2025-08-18,0.0,118.37184,2025-08-19,0.0,124.92657
377,2025-08-11,2025-08-17,2025-08-18,0.0,0.0,36.500000000000014,12.166666666666643,0.0,12.166666666666643,0.0,12.166666666666643,0.0,0.0,0.0,0.0,8.000000000000014,2.666666666666643,2025-08-18,0.0,151.62633,2025-08-19,0.0,155.30656,2025-08-20,0.0,162.98016
378,2025-08-12,2025-08-18,2025-08-19,36.500000000000014,12.166666666666643,0.0,12.166666666666643,0.0,12.166666666666643,0.0,0.0,0.0,0.0,8.000000000000014,2.666666666666643,0.0,2.666666666666643,2025-08-19,0.0,146.68881,2025-08-20,0.0,150.46634,2025-08-21,0.0,158.45451
379,2025-08-13,2025-08-19,2025-08-20,0.0,12.166666666666643,0.0,12.166666666666643,0.0,0.0,0.0,0.0,8.000000000000014,2.666666666666643,0.0,2.666666666666643,0.0,2.666666666666643,2025-08-20,0.0,136.17267,2025-08-21,0.0,138.02502,2025-08-22,0.0,145.77971
380,2025-08-14,2025-08-20,2025-08-21,0.0,12.166666666666643,0.0,0.0,0.0,0.0,8.000000000000014,2.666666666666643,0.0,2.666666666666643,0.0,2.666666666666643,0.0,0.0,2025-08-21,0.0,130.89108,2025-08-22,0.0,131.70123,2025-08-23,0.0,139.26376
381,2025-08-15,2025-08-21,2025-08-22,0.0,0.0,0.0,0.0,8.000000000000014,2.666666666666643,0.0,2.666666666666643,0.0,2.666666666666643,0.0,0.0,0.0,0.0,2025-08-22,0.0,122.50677,2025-08-23,0.0,120.15029,2025-08-24,0.0,127.31034
382,2025-08-16,2025-08-22,2025-08-23,0.0,0.0,8.000000000000014,2.666666666666643,0.0,2.666666666666643,0.0,2.666666666666643,0.0,0.0,0.0,0.0,0.0,0.0,2025-08-23,0.0,121.69373,2025-08-24,0.0,119.03303,2025-08-25,0.0,126.12446
383,2025-08-17,2025-08-23,2025-08-24,8.000000000000014,2.666666666666643,0.0,2.666666666666643,0.0,2.666666666666643,0.0,0.0,0.0,0.0,0.0,0.0,0.0,0.0,2025-08-24,0.0,120.66256,2025-08-25,0.0,117.61559,2025-08-26,0.0,124.603065
384,2025-08-18,2025-08-24,2025-08-25,0.0,2.666666666666643,0.0,2.666666666666643,0.0,0.0,0.0,0.0,0.0,0.0,0.0,0.0,0.0,0.0,2025-08-25,0.0,111.56846,2025-08-26,0.0,105.049164,2025-08-27,0.0,111.06445
385,2025-08-19,2025-08-25,2025-08-26,0.0,2.666666666666643,0.0,0.0,0.0,0.0,0.0,0.0,0.0,0.0,0.0,0.0,0.0,0.0,2025-08-26,0.0,108.793365,2025-08-27,0.0,101.2171,2025-08-28,0.0,106.92983
386,2025-08-20,2025-08-26,2025-08-27,0.0,0.0,0.0,0.0,0.0,0.0,0.0,0.0,0.0,0.0,0.0,0.0,0.0,0.0,2025-08-27,0.0,106.010704,2025-08-28,0.0,97.375565,2025-08-29,0.0,102.774254
387,2025-08-21,2025-08-27,2025-08-28,0.0,0.0,0.0,0.0,0.0,0.0,0.0,0.0,0.0,0.0,0.0,0.0,0.0,0.0,2025-08-28,0.0,106.010704,2025-08-29,0.0,97.375565,2025-08-30,0.0,102.774254
388,2025-08-22,2025-08-28,2025-08-29,0.0,0.0,0.0,0.0,0.0,0.0,0.0,0.0,0.0,0.0,0.0,0.0,0.0,0.0,2025-08-29,0.0,106.010704,2025-08-30,0.0,97.375565,2025-08-31,0.0,102.774254
389,2025-08-23,2025-08-29,2025-08-30,0.0,0.0,0.0,0.0,0.0,0.0,0.0,0.0,0.0,0.0,0.0,0.0,0.0,0.0,2025-08-30,0.0,106.010704,2025-08-31,0.0,97.375565,2025-09-01,0.0,102.774254
390,2025-08-24,2025-08-30,2025-08-31,0.0,0.0,0.0,0.0,0.0,0.0,0.0,0.0,0.0,0.0,0.0,0.0,0.0,0.0,2025-08-31,0.0,106.010704,2025-09-01,0.0,97.375565,2025-09-02,0.0,102.774254
391,2025-08-25,2025-08-31,2025-09-01,0.0,0.0,0.0,0.0,0.0,0.0,0.0,0.0,0.0,0.0,0.0,0.0,0.0,0.0,2025-09-01,0.0,106.010704,2025-09-02,0.0,97.375565,2025-09-03,0.0,102.774254
392,2025-08-26,2025-09-01,2025-09-02,0.0,0.0,0.0,0.0,0.0,0.0,0.0,0.0,0.0,0.0,0.0,0.0,0.0,0.0,2025-09-02,0.0,106.010704,2025-09-03,0.0,97.375565,2025-09-04,0.0,102.774254
393,2025-08-27,2025-09-02,2025-09-03,0.0,0.0,0.0,0.0,0.0,0.0,0.0,0.0,0.0,0.0,0.0,0.0,0.0,0.0,2025-09-03,0.0,106.010704,2025-09-04,0.0,97.375565,2025-09-05,0.0,102.774254
394,2025-08-28,2025-09-03,2025-09-04,0.0,0.0,0.0,0.0,0.0,0.0,0.0,0.0,0.0,0.0,0.0,0.0,0.0,0.0,2025-09-04,0.0,106.010704,2025-09-05,0.0,97.375565,2025-09-06,0.0,102.774254
395,2025-08-29,2025-09-04,2025-09-05,0.0,0.0,0.0,0.0,0.0,0.0,0.0,0.0,0.0,0.0,0.0,0.0,0.0,0.0,2025-09-05,0.0,106.010704,2025-09-06,0.0,97.375565,2025-09-07,0.0,102.774254
396,2025-08-30,2025-09-05,2025-09-06,0.0,0.0,0.0,0.0,0.0,0.0,0.0,0.0,0.0,0.0,0.0,0.0,0.0,0.0,2025-09-06,0.0,106.010704,2025-09-07,0.0,97.375565,2025-09-08,0.0,102.774254
397,2025-08-31,2025-09-06,2025-09-07,0.0,0.0,0.0,0.0,0.0,0.0,0.0,0.0,0.0,0.0,0.0,0.0,0.0,0.0,2025-09-07,0.0,106.010704,2025-09-08,0.0,97.375565,2025-09-09,0.0,102.774254
398,2025-09-01,2025-09-07,2025-09-08,0.0,0.0,0.0,0.0,0.0,0.0,0.0,0.0,0.0,0.0,0.0,0.0,0.0,0.0,2025-09-08,0.0,106.010704,2025-09-09,0.0,97.375565,2025-09-10,0.0,102.774254
399,2025-09-02,2025-09-08,2025-09-09,0.0,0.0,0.0,0.0,0.0,0.0,0.0,0.0,0.0,0.0,0.0,0.0,0.0,0.0,2025-09-09,0.0,106.010704,2025-09-10,0.0,97.375565,2025-09-11,0.0,102.774254
400,2025-09-03,2025-09-09,2025-09-10,0.0,0.0,0.0,0.0,0.0,0.0,0.0,0.0,0.0,0.0,0.0,0.0,0.0,0.0,2025-09-10,0.0,106.010704,2025-09-11,0.0,97.375565,2025-09-12,0.0,102.774254
401,2025-09-04,2025-09-10,2025-09-11,0.0,0.0,0.0,0.0,0.0,0.0,0.0,0.0,0.0,0.0,0.0,0.0,0.0,0.0,2025-09-11,0.0,106.010704,2025-09-12,0.0,97.375565,2025-09-13,0.0,102.774254
402,2025-09-05,2025-09-11,2025-09-12,0.0,0.0,0.0,0.0,0.0,0.0,0.0,0.0,0.0,0.0,0.0,0.0,0.0,0.0,2025-09-12,0.0,106.010704,2025-09-13,0.0,97.375565,2025-09-14,0.0,102.774254
403,2025-09-06,2025-09-12,2025-09-13,0.0,0.0,0.0,0.0,0.0,0.0,0.0,0.0,0.0,0.0,0.0,0.0,0.0,0.0,2025-09-13,0.0,106.010704,2025-09-14,0.0,97.375565,2025-09-15,0.0,102.774254
404,2025-09-07,2025-09-13,2025-09-14,0.0,0.0,0.0,0.0,0.0,0.0,0.0,0.0,0.0,0.0,0.0,0.0,0.0,0.0,2025-09-14,0.0,106.010704,2025-09-15,0.0,97.375565,2025-09-16,0.0,102.774254
405,2025-09-08,2025-09-14,2025-09-15,0.0,0.0,0.0,0.0,0.0,0.0,0.0,0.0,0.0,0.0,0.0,0.0,0.0,0.0,2025-09-15,0.0,106.010704,2025-09-16,0.0,97.375565,2025-09-17,0.0,102.774254
406,2025-09-09,2025-09-15,2025-09-16,0.0,0.0,0.0,0.0,0.0,0.0,0.0,0.0,0.0,0.0,0.0,0.0,0.0,0.0,2025-09-16,0.0,106.010704,2025-09-17,0.0,97.375565,2025-09-18,45.0,102.774254
407,2025-09-10,2025-09-16,2025-09-17,0.0,0.0,0.0,0.0,0.0,0.0,0.0,0.0,0.0,0.0,0.0,0.0,0.0,0.0,2025-09-17,0.0,106.010704,2025-09-18,45.0,97.375565,2025-09-19,0.0,102.774254
408,2025-09-11,2025-09-17,2025-09-18,0.0,0.0,0.0,0.0,0.0,0.0,0.0,0.0,0.0,0.0,0.0,0.0,0.0,0.0,2025-09-18,45.0,106.010704,2025-09-19,0.0,97.375565,2025-09-20,0.0,102.774254
409,2025-09-12,2025-09-18,2025-09-19,0.0,0.0,0.0,0.0,0.0,0.0,0.0,0.0,0.0,0.0,0.0,0.0,54.000000000000014,17.999999999999975,2025-09-19,0.0,89.56294,2025-09-20,0.0,72.21582,2025-09-21,0.0,72.50038
410,2025-09-13,2025-09-19,2025-09-20,0.0,0.0,0.0,0.0,0.0,0.0,0.0,0.0,0.0,0.0,54.000000000000014,17.999999999999975,0.0,17.999999999999975,2025-09-20,0.0,82.54691,2025-09-21,0.0,64.041145,2025-09-22,0.0,65.20639
411,2025-09-14,2025-09-20,2025-09-21,0.0,0.0,0.0,0.0,0.0,0.0,0.0,0.0,54.000000000000014,17.999999999999975,0.0,17.999999999999975,0.0,17.999999999999975,2025-09-21,0.0,78.96626,2025-09-22,0.0,59.879784,2025-09-23,0.0,61.29131
412,2025-09-15,2025-09-21,2025-09-22,0.0,0.0,0.0,0.0,0.0,0.0,54.000000000000014,17.999999999999975,0.0,17.999999999999975,0.0,17.999999999999975,0.0,0.0,2025-09-22,0.0,92.60655,2025-09-23,0.0,77.804085,2025-09-24,0.0,80.216446
413,2025-09-16,2025-09-22,2025-09-23,0.0,0.0,0.0,0.0,54.000000000000014,17.999999999999975,0.0,17.999999999999975,0.0,17.999999999999975,0.0,0.0,0.0,0.0,2025-09-23,0.0,101.26225,2025-09-24,0.0,89.305725,2025-09-25,0.0,92.41927
414,2025-09-17,2025-09-23,2025-09-24,0.0,0.0,54.000000000000014,17.999999999999975,0.0,17.999999999999975,0.0,17.999999999999975,0.0,0.0,0.0,0.0,0.0,0.0,2025-09-24,0.0,106.96228,2025-09-25,0.0,96.97549,2025-09-26,0.0,100.56047
415,2025-09-18,2025-09-24,2025-09-25,54.000000000000014,17.999999999999975,0.0,17.999999999999975,0.0,17.999999999999975,0.0,0.0,0.0,0.0,0.0,0.0,0.0,0.0,2025-09-25,0.0,112.46691,2025-09-26,0.0,105.965965,2025-09-27,0.0,111.59534
416,2025-09-19,2025-09-25,2025-09-26,0.0,17.999999999999975,0.0,17.999999999999975,0.0,0.0,0.0,0.0,0.0,0.0,0.0,0.0,0.0,0.0,2025-09-26,0.0,116.143776,2025-09-27,0.0,110.997505,2025-09-28,0.0,117.843765
417,2025-09-20,2025-09-26,2025-09-27,0.0,17.999999999999975,0.0,0.0,0.0,0.0,0.0,0.0,0.0,0.0,0.0,0.0,0.0,0.0,2025-09-27,0.0,113.04991,2025-09-28,0.0,107.03932,2025-09-29,0.0,113.3456
418,2025-09-21,2025-09-27,2025-09-28,0.0,0.0,0.0,0.0,0.0,0.0,0.0,0.0,0.0,0.0,0.0,0.0,0.0,0.0,2025-09-28,0.0,106.010704,2025-09-29,0.0,97.37557,2025-09-30,0.0,102.774254
